et,lvl,gg,nn,nn_c1,nn_p2,nn_p1p,nn_c2p,st_max,st0.1,st0.2,st0.3,dir0.n.p,dir0.n.n,dir0.n.u,dir0.n.x,tsd,tsd_c2p,trs,trs_c2p,trs0.y1,trs0.y5,trs0.y10,trs0.NA,trs0.y,srs,srs_c2p,srs0.g1,srs0.g2,srs0.g3,srs0.g4,srs0.g5,srs0.g6,srs0.p1,srs0.p2,srs0.pp,srs0.px,srs0.NA,etl0.cc,etl0.fo,etl0.so,etl0.lm,cpl_ok.n,cpl0.n.a,cpl0.n.d,cpl0.n.e,cpl0.n.i,cpl0.n.n,cpl0.n.o,cpl0.n.q,cpl0.n.r,cpl0.n.s,cpl0.n.t,cpl0.n.x,ect_s.n,hosts,iid.n,dir_d.n,nm,nv,dir0.e.p,dir0.e.n,dir0.e.u,dir0.e.x,cpl_ok.e,cpl0.e.a,cpl0.e.d,cpl0.e.e,cpl0.e.i,cpl0.e.n,cpl0.e.o,cpl0.e.q,cpl0.e.r,cpl0.e.s,cpl0.e.t,cpl0.e.x,ect_s.e,iid.e,dir_d.e,n,cpl_ok,cpl0.a,cpl0.d,cpl0.e,cpl0.i,cpl0.n,cpl0.o,cpl0.q,cpl0.r,cpl0.s,cpl0.t,cpl0.x,dir0.p,dir0.n,dir0.u,dir0.x,dir_d,ect_s,iid
all,all,all,86,86,86,63,63,3,0,62,24,49,20,14,0,1907,1907,1,1,56,25,2,0,,g2,g3,0,1,2,0,0,0,3,30,45,3,2,10,70,3,2,63,8,2,2,0,1,4,1,0,0,3,2,"A2, B1a, B1b, B2, B3","MDir, NASA, NIBIO, NINA, NIVA, NTNU, NVE, Statens kartverk, Vann-nett, Vannmiljø","AIP, AIndexW5, ANC, ASPT, Alegress, Blotbunnsfauna, Cpue_BrownTrout, Cpue_juveniles, Cyanomax, EIndexW3, EMANTLLE, FIBESTE, HBI2, HR2XSD, KLFA, LACI-1, LACI-2, LAL, LAMI, MSMDI, MultiClear, N-NH3, N-SNOX, N-TOT, NEFI, O2, P-PO4, P-TOT, PH, PIT, PPBIOMTOVO, PTI, QMIN, RAMI, RSL, Raddum-1, Raddum-2, SECCI, SIc, TIc, VANNSTVAR, WIc, WS-FBI, barriereeffekt, fj.01, fj.02, fj.03, fj.04, fj.05, fj.06, fj.07, fj.08, fj.09, fj.10, fj.11, fj.12, fj.13, fj.14, fj.15, fj.16, fragmenteringsgrad, overall chemical status, overall ecol status, sk.01, sk.02, sk.03, sk.04, sk.05, sk.06, sk.07, sk.08, sk.09, sk.10, sk.11, sk.12, sk.13, vs.02, vs.03, vs.04, vs.05, vs.06, vs.11, vs.16, vs.17, vs.28, vs.29, vs.30, vs.37, vs.38, vs.41, vs.41b, vs.41c, vs.41d, vs.45, vs.47, vs.48, vs.50, vs.64, vs.71, vs.72, vs.74",x,9,68,21,17,8,0,21,1,4,1,0,0,3,7,3,4,1,1,"A2, B1a, B2, B3, C1","!e.a1, !e.a2, !e.b1, !e.c1, !e.d1, !e.e1, !e.e2, !e.i1, e.a3, e.a4, e.a5, e.a6, e.b2, e.b3, e.b4, e.b5, e.b6, e.b7, e.b8, e.c2, e.c3, e.c4, e.c5, e.c6, e.c7, e.c8, e.e3, e.e4, e.e5, e.e6, e.e7, e.e8, e.f1, e.f2, e.f3, e.f4, e.f5, e.f6, e.f7, e.g1, e.g2, e.g3, e.h1, e.h2, e.h3, e.h4, e.h5, e.i1, e.i2, e.i3, e.j1, e.j2, e.j3, e.j4, e.j5, e.j6, e.j7, e.j8, e.j9, e.k1, e.k2, e.k3, e.k4, e.k5, e.k6, e.l1, e.l2, e.l3, e.l4, e.l5, e.m1, e.m2, e.m3, e.m4, e.m5, e.m6",x,163,84,9,6,3,0,1,7,8,3,4,4,3,70,37,22,0,p,"A2, B1a, B1b, B2, B3, C1","!e.a1, !e.a2, !e.b1, !e.c1, !e.d1, !e.e1, !e.e2, !e.i1, AIP, AIndexW5, ANC, ASPT, Alegress, Blotbunnsfauna, Cpue_BrownTrout, Cpue_juveniles, Cyanomax, EIndexW3, EMANTLLE, FIBESTE, HBI2, HR2XSD, KLFA, LACI-1, LACI-2, LAL, LAMI, MSMDI, MultiClear, N-NH3, N-SNOX, N-TOT, NEFI, O2, P-PO4, P-TOT, PH, PIT, PPBIOMTOVO, PTI, QMIN, RAMI, RSL, Raddum-1, Raddum-2, SECCI, SIc, TIc, VANNSTVAR, WIc, WS-FBI, barriereeffekt, e.a3, e.a4, e.a5, e.a6, e.b2, e.b3, e.b4, e.b5, e.b6, e.b7, e.b8, e.c2, e.c3, e.c4, e.c5, e.c6, e.c7, e.c8, e.e3, e.e4, e.e5, e.e6, e.e7, e.e8, e.f1, e.f2, e.f3, e.f4, e.f5, e.f6, e.f7, e.g1, e.g2, e.g3, e.h1, e.h2, e.h3, e.h4, e.h5, e.i1, e.i2, e.i3, e.j1, e.j2, e.j3, e.j4, e.j5, e.j6, e.j7, e.j8, e.j9, e.k1, e.k2, e.k3, e.k4, e.k5, e.k6, e.l1, e.l2, e.l3, e.l4, e.l5, e.m1, e.m2, e.m3, e.m4, e.m5, e.m6, fj.01, fj.02, fj.03, fj.04, fj.05, fj.06, fj.07, fj.08, fj.09, fj.10, fj.11, fj.12, fj.13, fj.14, fj.15, fj.16, fragmenteringsgrad, overall chemical status, overall ecol status, sk.01, sk.02, sk.03, sk.04, sk.05, sk.06, sk.07, sk.08, sk.09, sk.10, sk.11, sk.12, sk.13, vs.02, vs.03, vs.04, vs.05, vs.06, vs.11, vs.16, vs.17, vs.28, vs.29, vs.30, vs.37, vs.38, vs.41, vs.41b, vs.41c, vs.41d, vs.45, vs.47, vs.48, vs.50, vs.64, vs.71, vs.72, vs.74"
all,cls,A1,8,8,8,4,4,3,0,6,2,4,3,1,0,1966,2019,1,1,5,2,0,0,,p2,p2,0,0,0,0,0,0,0,2,5,1,0,1,7,0,0,4,0,1,1,0,1,0,0,0,0,0,1,"A2, B1a, B3","MDir, NIVA, NVE, Vannmiljø","HR2XSD, QMIN, SECCI, VANNSTVAR, WIc, fj.15, fj.16, sk.03, vs.30",x,2,11,1,5,3,0,4,0,1,1,0,0,2,0,0,0,1,0,"A2, C1","!e.a2, !e.i1, e.a3, e.b3, e.e3, e.f1, e.g1, e.h1, e.h2, e.i1, e.j1, e.l1, e.m1",x,21,8,0,2,2,0,1,2,0,0,0,1,1,5,8,4,0,x,"A2, B1a, B3, C1","!e.a2, !e.i1, HR2XSD, QMIN, SECCI, VANNSTVAR, WIc, e.a3, e.b3, e.e3, e.f1, e.g1, e.h1, e.h2, e.i1, e.j1, e.l1, e.m1, fj.15, fj.16, sk.03, vs.30"
all,cls,A2,32,32,32,25,25,3,0,31,1,18,10,3,0,2019,2019,1,1,29,3,0,0,,p2,p2,0,0,0,0,0,0,0,3,28,0,1,0,32,0,0,25,6,0,0,0,0,0,0,0,0,0,1,B1a,"MDir, NINA, NIVA, Vann-nett, Vannmiljø","AIP, AIndexW5, ANC, ASPT, Alegress, Blotbunnsfauna, EIndexW3, HBI2, LACI-1, LACI-2, LAL, LAMI, MultiClear, N-NH3, N-SNOX, N-TOT, O2, P-PO4, P-TOT, PH, PIT, PTI, RAMI, RSL, Raddum-1, Raddum-2, SIc, TIc, fj.13, overall chemical status, sk.02, vs.03, vs.41, vs.41b",x,2,15,3,4,0,0,5,0,0,0,0,0,0,2,0,0,0,0,A2,"!e.b1, !e.c1, e.a4, e.b2, e.e4, e.f2, e.h3, e.h4, e.j3, e.j4, e.j6, e.k1, e.k2, e.k3, e.l2, e.l3, e.m2",x,49,30,6,0,0,0,0,0,2,0,0,0,1,21,14,3,0,p,"A2, B1a","!e.b1, !e.c1, AIP, AIndexW5, ANC, ASPT, Alegress, Blotbunnsfauna, EIndexW3, HBI2, LACI-1, LACI-2, LAL, LAMI, MultiClear, N-NH3, N-SNOX, N-TOT, O2, P-PO4, P-TOT, PH, PIT, PTI, RAMI, RSL, Raddum-1, Raddum-2, SIc, TIc, e.a4, e.b2, e.e4, e.f2, e.h3, e.h4, e.j3, e.j4, e.j6, e.k1, e.k2, e.k3, e.l2, e.l3, e.m2, fj.13, overall chemical status, sk.02, vs.03, vs.41, vs.41b"
all,cls,B1a,17,17,17,15,15,3,0,5,12,14,0,2,0,1990,1990,1,1,9,8,0,0,,p1,p1,0,0,0,0,0,0,1,11,4,1,0,9,8,0,0,15,0,0,0,0,0,2,0,0,0,0,0,"B2, B3","MDir, NIBIO, NINA, Vannmiljø","Cpue_BrownTrout, Cpue_juveniles, EMANTLLE, WS-FBI, fj.02, fj.03, fj.04, fj.05, fj.06, fj.07, fj.08, fj.09, sk.04, sk.05, sk.06, sk.10, sk.11, vs.29, vs.48",p,0,2,0,2,0,0,1,0,0,0,0,0,0,0,1,0,0,0,,"e.g2, e.m4",n,19,16,0,0,0,0,0,2,0,1,0,0,0,14,2,2,0,p,"B2, B3","Cpue_BrownTrout, Cpue_juveniles, EMANTLLE, WS-FBI, e.g2, e.m4, fj.02, fj.03, fj.04, fj.05, fj.06, fj.07, fj.08, fj.09, sk.04, sk.05, sk.06, sk.10, sk.11, vs.29, vs.48"
all,cls,B1b,7,7,7,2,2,3,0,6,1,6,1,0,0,1990,2020,1,5,4,3,0,0,,p2,p2,0,0,0,0,0,0,0,5,2,0,0,0,6,0,0,2,1,0,0,0,0,2,0,0,0,2,0,"B2, B3","MDir, NINA, Vannmiljø","FIBESTE, NEFI, fj.12, sk.12, vs.06, vs.16, vs.17, vs.37, vs.38, vs.47, vs.50",p,2,12,7,0,0,0,0,1,0,0,0,0,0,5,1,0,0,0,,"!e.d1, e.c4, e.e5, e.f3, e.h5, e.i2, e.i3, e.j8, e.j9, e.k5, e.k6, e.l5, e.m3",x,21,2,2,0,0,0,0,2,5,1,0,2,0,13,1,0,0,p,"B2, B3","!e.d1, FIBESTE, NEFI, e.c4, e.e5, e.f3, e.h5, e.i2, e.i3, e.j8, e.j9, e.k5, e.k6, e.l5, e.m3, fj.12, sk.12, vs.06, vs.16, vs.17, vs.37, vs.38, vs.47, vs.50"
all,cls,B2,8,8,8,6,6,3,0,4,4,3,3,2,0,2000,2000,1,1,5,2,0,0,,g2,g3,0,1,2,0,0,0,0,2,3,0,0,0,5,3,0,6,0,0,1,0,0,0,0,0,0,1,0,"B1a, B1b, B3","NASA, NIBIO, NINA, NIVA, Vannmiljø","KLFA, MSMDI, PPBIOMTOVO, fj.01, sk.01, sk.07, sk.08, vs.05, vs.28",x,3,7,3,1,2,0,3,0,2,0,0,0,1,0,0,0,0,0,"B3, C1","!e.a1, !e.e1, !e.e2, e.a5, e.e6, e.f4, e.g3, e.j5, e.k4, e.l4",x,18,9,0,2,1,0,0,1,0,0,0,1,0,6,4,4,0,x,"B1a, B1b, B3, C1","!e.a1, !e.e1, !e.e2, KLFA, MSMDI, PPBIOMTOVO, e.a5, e.e6, e.f4, e.g3, e.j5, e.k4, e.l4, fj.01, sk.01, sk.07, sk.08, vs.05, vs.28"
all,cls,B3,9,9,9,8,8,3,0,7,2,3,1,5,0,1907,1907,1,1,1,6,2,0,,p1,p1,0,0,0,0,0,0,2,6,1,0,0,0,9,0,0,8,0,1,0,0,0,0,0,0,0,0,0,"B1a, B2","MDir, NIBIO, NINA, NIVA, NTNU, Vannmiljø","Cyanomax, fj.14, sk.09, vs.04, vs.11, vs.41c, vs.41d, vs.45, vs.64, vs.71, vs.72, vs.74",x,0,8,3,2,2,0,3,0,1,0,0,0,0,0,1,2,0,0,"B1a, C1","e.a6, e.b5, e.b6, e.c5, e.c6, e.f5, e.m5, e.m6",x,17,11,0,2,0,0,0,0,0,1,2,0,0,6,3,7,0,p,"B1a, B2, C1","Cyanomax, e.a6, e.b5, e.b6, e.c5, e.c6, e.f5, e.m5, e.m6, fj.14, sk.09, vs.04, vs.11, vs.41c, vs.41d, vs.45, vs.64, vs.71, vs.72, vs.74"
all,cls,C1,4,4,4,3,3,3,0,2,2,1,2,1,0,1988,1988,1,1,2,1,0,0,,p2,p2,0,0,0,0,0,0,0,1,2,1,0,0,2,0,2,3,0,0,0,0,0,0,1,0,0,0,0,,"MDir, Statens kartverk, Vannmiljø","barriereeffekt, fj.10, fj.11, fragmenteringsgrad, sk.13, vs.02",x,0,9,4,1,0,0,5,0,0,0,0,0,0,0,0,0,0,0,B2,"e.b7, e.b8, e.c7, e.c8, e.e7, e.e8, e.f6, e.f7, e.j7",x,13,8,0,0,0,0,0,0,1,0,0,0,0,5,3,1,0,x,B2,"barriereeffekt, e.b7, e.b8, e.c7, e.c8, e.e7, e.e8, e.f6, e.f7, e.j7, fj.10, fj.11, fragmenteringsgrad, sk.13, vs.02"
all,cls,X,1,1,1,0,0,2,0,1,0,0,0,0,0,0,0,1,0,1,0,0,0,,NA,NA,0,0,0,0,0,0,0,0,0,0,1,0,1,0,0,0,1,0,0,0,0,0,0,0,0,0,0,,Vann-nett,overall ecol status,x,0,4,0,2,1,0,0,0,0,0,0,0,0,0,0,2,0,1,,"e.b4, e.c2, e.c3, e.j2",x,5,0,1,0,0,0,0,0,0,0,2,0,1,0,2,1,0,x,,"e.b4, e.c2, e.c3, e.j2, overall ecol status"
all,chr,,0,0,0,0,0,0,0,0,0,0,0,0,0,0,0,0,0,0,0,0,0,0,,,0,0,0,0,0,0,0,0,0,0,0,0,0,0,0,0,0,0,0,0,0,0,0,0,0,0,0,,,,,0,2,0,1,0,0,0,0,0,0,0,0,0,0,0,0,0,1,,"e.b4, e.c2",x,2,0,0,0,0,0,0,0,0,0,0,0,1,0,1,0,0,x,,"e.b4, e.c2"
all,chr,A1 | Air physical quality,0,0,0,0,0,0,0,0,0,0,0,0,0,0,0,0,0,0,0,0,0,0,,,0,0,0,0,0,0,0,0,0,0,0,0,0,0,0,0,0,0,0,0,0,0,0,0,0,0,0,,,,,1,0,0,1,0,0,1,0,0,0,0,0,0,0,0,0,0,0,A2,!e.a2,n,1,1,0,0,0,0,0,0,0,0,0,0,0,0,1,0,0,n,A2,!e.a2
all,chr,A1 | Mean temperature,1,1,1,0,0,3,0,0,1,0,1,0,0,2019,0,5,0,0,1,0,0,0,p2,NA,0,0,0,0,0,0,0,1,0,0,0,0,1,0,0,0,0,0,0,0,0,0,0,0,0,0,1,B1a,MDir,fj.15,n,0,0,0,0,0,0,0,0,0,0,0,0,0,0,0,0,0,0,,,,1,0,0,0,0,0,0,0,0,0,0,0,1,0,1,0,0,,B1a,fj.15
all,chr,A1 | Permanent ice cover,1,1,1,0,0,3,0,0,1,1,0,0,0,1966,0,0,0,0,0,0,0,0,px,NA,0,0,0,0,0,0,0,0,0,1,0,1,0,0,0,0,0,0,1,0,0,0,0,0,0,0,0,,NVE,fj.16,p,0,1,1,0,0,0,0,0,0,1,0,0,0,0,0,0,0,0,,e.g1,p,2,0,0,0,2,0,0,0,0,0,0,0,0,2,0,0,0,p,,"e.g1, fj.16"
all,chr,A1 | Soil physical quality,0,0,0,0,0,0,0,0,0,0,0,0,0,0,0,0,0,0,0,0,0,0,,,0,0,0,0,0,0,0,0,0,0,0,0,0,0,0,0,0,0,0,0,0,0,0,0,0,0,0,,,,,1,1,0,1,0,0,0,0,0,0,0,0,1,0,0,0,0,0,C1,"!e.i1, e.a3",x,2,0,0,0,0,0,0,1,0,0,0,0,0,0,1,0,0,x,C1,"!e.i1, e.a3"
all,chr,A1 | Water physical availability/permanence,5,5,5,3,3,2,0,5,0,2,2,1,0,2019,2019,1,1,4,1,0,0,0,p2,p2,0,0,0,0,0,0,0,1,4,0,0,0,5,0,0,3,0,1,0,0,1,0,0,0,0,0,0,"B1a, B3","MDir, NIVA, Vannmiljø","HR2XSD, QMIN, VANNSTVAR, WIc, sk.03, vs.30",x,0,6,0,2,3,0,2,0,1,0,0,0,1,0,0,0,1,0,,"e.b3, e.e3, e.f1, e.h1, e.h2, e.j1",x,11,5,0,2,0,0,1,1,0,0,0,1,0,2,4,4,0,n,"B1a, B3","HR2XSD, QMIN, VANNSTVAR, WIc, e.b3, e.e3, e.f1, e.h1, e.h2, e.j1, sk.03, vs.30"
all,chr,A1 | Water physical quality,1,1,1,1,1,2,0,1,0,1,0,0,0,0,0,1,1,1,0,0,0,0,pp,pp,0,0,0,0,0,0,0,0,1,0,0,0,1,0,0,1,0,0,0,0,0,0,0,0,0,0,0,"A2, B3",Vannmiljø,SECCI,p,0,3,0,1,0,0,1,0,0,0,0,0,0,0,0,0,0,0,A2,"e.i1, e.l1, e.m1",x,4,2,0,0,0,0,0,0,0,0,0,0,0,1,1,0,0,x,"A2, B3","SECCI, e.i1, e.l1, e.m1"
all,chr,A2 | Air chemical quality,0,0,0,0,0,0,0,0,0,0,0,0,0,0,0,0,0,0,0,0,0,0,,,0,0,0,0,0,0,0,0,0,0,0,0,0,0,0,0,0,0,0,0,0,0,0,0,0,0,0,,,,,0,1,0,1,0,0,1,0,0,0,0,0,0,0,0,0,0,0,,e.a4,n,1,1,0,0,0,0,0,0,0,0,0,0,0,0,1,0,0,n,,e.a4
all,chr,A2 | Soil chemical quality,3,3,3,2,2,3,0,2,1,0,0,3,0,2019,2019,5,5,0,3,0,0,0,p2,p2,0,0,0,0,0,0,0,3,0,0,0,0,3,0,0,2,0,0,0,0,0,0,0,0,0,0,1,B1a,"MDir, NINA","fj.13, sk.02, vs.03, vs.41, vs.41b",u,0,1,0,1,0,0,0,0,0,0,0,0,0,1,0,0,0,0,,e.b2,n,4,2,0,0,0,0,0,0,1,0,0,0,1,0,1,3,0,n,B1a,"e.b2, fj.13, sk.02, vs.03, vs.41, vs.41b"
all,chr,A2 | Soil organic carbon,0,0,0,0,0,0,0,0,0,0,0,0,0,0,0,0,0,0,0,0,0,0,,,0,0,0,0,0,0,0,0,0,0,0,0,0,0,0,0,0,0,0,0,0,0,0,0,0,0,0,,,,,2,2,1,0,0,0,1,0,0,0,0,0,0,0,0,0,0,0,,"!e.b1, !e.c1, e.e4, e.f2",x,4,1,0,0,0,0,0,0,0,0,0,0,0,1,0,0,0,x,,"!e.b1, !e.c1, e.e4, e.f2"
all,chr,A2 | Water chemical quality: acidification,13,13,13,11,11,2,0,13,0,11,2,0,0,0,0,1,1,13,0,0,0,0,pp,pp,0,0,0,0,0,0,0,0,13,0,0,0,13,0,0,11,2,0,0,0,0,0,0,0,0,0,0,B1a,"NINA, NIVA, Vannmiljø","AIP, AIndexW5, ANC, LACI-1, LACI-2, LAL, LAMI, MultiClear, PH, RAMI, Raddum-1, Raddum-2, SIc",p,0,1,1,0,0,0,1,0,0,0,0,0,0,0,0,0,0,0,,e.m2,p,14,12,2,0,0,0,0,0,0,0,0,0,0,12,2,0,0,p,B1a,"AIP, AIndexW5, ANC, LACI-1, LACI-2, LAL, LAMI, MultiClear, PH, RAMI, Raddum-1, Raddum-2, SIc, e.m2"
all,chr,A2 | Water chemical quality: eutrophication,15,15,15,11,11,2,0,15,0,7,8,0,0,0,0,1,1,15,0,0,0,0,pp,pp,0,0,0,0,0,0,0,0,15,0,0,0,15,0,0,11,4,0,0,0,0,0,0,0,0,0,0,B1a,"NINA, NIVA, Vannmiljø","ASPT, Alegress, Blotbunnsfauna, EIndexW3, HBI2, N-NH3, N-SNOX, N-TOT, O2, P-PO4, P-TOT, PIT, PTI, RSL, TIc",x,0,8,0,2,0,0,2,0,0,0,0,0,0,0,0,0,0,0,,"e.h3, e.h4, e.j3, e.j4, e.k1, e.k2, e.l2, e.l3",x,23,13,4,0,0,0,0,0,0,0,0,0,0,7,10,0,0,p,B1a,"ASPT, Alegress, Blotbunnsfauna, EIndexW3, HBI2, N-NH3, N-SNOX, N-TOT, O2, P-PO4, P-TOT, PIT, PTI, RSL, TIc, e.h3, e.h4, e.j3, e.j4, e.k1, e.k2, e.l2, e.l3"
all,chr,A2 | Water chemical quality: other pollutants,1,1,1,1,1,2,0,1,0,0,0,0,0,0,0,1,1,1,0,0,0,0,NA,NA,0,0,0,0,0,0,0,0,0,0,1,0,1,0,0,1,0,0,0,0,0,0,0,0,0,0,0,,Vann-nett,overall chemical status,x,0,2,1,0,0,0,0,0,0,0,0,0,0,1,0,0,0,0,A2,"e.j6, e.k3",x,3,1,0,0,0,0,0,0,1,0,0,0,0,1,0,0,0,x,A2,"e.j6, e.k3, overall chemical status"
all,chr,B1a B1b | Fish++ abundance,6,6,6,4,4,2,0,6,0,4,1,0,0,0,0,1,1,6,0,0,0,0,pp,pp,0,0,0,0,0,0,0,0,6,0,0,0,6,0,0,4,0,0,0,0,0,0,0,0,0,2,0,,"NINA, Vannmiljø","Cpue_BrownTrout, Cpue_juveniles, EMANTLLE, FIBESTE, NEFI, WS-FBI",p,0,0,0,0,0,0,0,0,0,0,0,0,0,0,0,0,0,0,,,,6,4,0,0,0,0,0,0,0,0,0,2,0,4,1,0,0,p,,"Cpue_BrownTrout, Cpue_juveniles, EMANTLLE, FIBESTE, NEFI, WS-FBI"
all,chr,B1a | Birds abundance,3,3,3,3,3,3,0,0,3,3,0,0,0,2010,2010,1,1,2,1,0,0,0,p2,p2,0,0,0,0,0,0,0,3,0,0,0,3,0,0,0,3,0,0,0,0,0,0,0,0,0,0,0,,"MDir, NINA","fj.04, fj.05, fj.08",p,0,0,0,0,0,0,0,0,0,0,0,0,0,0,0,0,0,0,,,,3,3,0,0,0,0,0,0,0,0,0,0,0,3,0,0,0,p,,"fj.04, fj.05, fj.08"
all,chr,B1a | Insect abundance,1,1,1,1,1,2,0,1,0,1,0,0,0,2020,2020,5,5,0,1,0,0,0,p2,p2,0,0,0,0,0,0,0,1,0,0,0,0,1,0,0,1,0,0,0,0,0,0,0,0,0,0,0,B2,NINA,vs.48,p,0,0,0,0,0,0,0,0,0,0,0,0,0,0,0,0,0,0,,,,1,1,0,0,0,0,0,0,0,0,0,0,0,1,0,0,0,p,B2,vs.48
all,chr,B1a | Invasive species abundance,1,1,1,1,1,3,0,0,1,1,0,0,0,2019,2019,5,5,0,1,0,0,0,p2,p2,0,0,0,0,0,0,0,1,0,0,0,0,1,0,0,1,0,0,0,0,0,0,0,0,0,0,0,,MDir,"fj.09, sk.04, vs.29",p,0,2,0,2,0,0,1,0,0,0,0,0,0,0,1,0,0,0,,"e.g2, e.m4",n,3,2,0,0,0,0,0,0,0,1,0,0,0,1,2,0,0,n,,"e.g2, e.m4, fj.09, sk.04, vs.29"
all,chr,B1a | Mammals abundance,6,6,6,4,4,3,0,0,6,4,0,2,0,1990,1990,1,1,3,3,0,0,0,p1,p1,0,0,0,0,0,0,1,4,0,1,0,6,0,0,0,4,0,0,0,0,0,2,0,0,0,0,0,B3,"MDir, NINA","fj.02, fj.03, fj.06, fj.07, sk.10, sk.11",p,0,0,0,0,0,0,0,0,0,0,0,0,0,0,0,0,0,0,,,,6,4,0,0,0,0,0,2,0,0,0,0,0,4,0,2,0,p,B3,"fj.02, fj.03, fj.06, fj.07, sk.10, sk.11"
all,chr,B1a | Plants abundance,2,2,2,2,2,3,0,0,2,2,0,0,0,1994,1994,5,5,0,2,0,0,0,p2,p2,0,0,0,0,0,0,0,2,0,0,0,0,2,0,0,2,0,0,0,0,0,0,0,0,0,0,0,B2,NIBIO,"sk.05, sk.06",p,0,0,0,0,0,0,0,0,0,0,0,0,0,0,0,0,0,0,,,,2,2,0,0,0,0,0,0,0,0,0,0,0,2,0,0,0,p,B2,"sk.05, sk.06"
all,chr,B1b | Birds diversity,0,0,0,0,0,0,0,0,0,0,0,0,0,0,0,0,0,0,0,0,0,0,,,0,0,0,0,0,0,0,0,0,0,0,0,0,0,0,0,0,0,0,0,0,0,0,0,0,0,0,,,,,2,4,3,0,0,0,0,0,0,0,0,0,0,2,1,0,0,0,,"!e.d1, e.e5, e.f3, e.h5, e.i3",x,6,0,0,0,0,0,0,0,2,1,0,0,0,3,0,0,0,x,,"!e.d1, e.e5, e.f3, e.h5, e.i3"
all,chr,B1b | Fish diversity,0,0,0,0,0,0,0,0,0,0,0,0,0,0,0,0,0,0,0,0,0,0,,,0,0,0,0,0,0,0,0,0,0,0,0,0,0,0,0,0,0,0,0,0,0,0,0,0,0,0,,,,,0,2,1,0,0,0,0,0,0,0,0,0,0,1,0,0,0,0,,"e.j8, e.k5",x,2,0,0,0,0,0,0,0,1,0,0,0,0,1,0,0,0,x,,"e.j8, e.k5"
all,chr,B1b | Insects diversity,4,4,4,2,2,2,0,4,0,4,0,0,0,2009,2020,1,5,2,2,0,0,0,p2,p2,0,0,0,0,0,0,0,4,0,0,0,0,4,0,0,2,0,0,0,0,0,2,0,0,0,0,0,"B2, B3",NINA,"vs.16, vs.17, vs.37, vs.38, vs.47, vs.50",p,0,1,1,0,0,0,0,0,0,0,0,0,0,1,0,0,0,0,,e.c4,p,5,2,0,0,0,0,0,2,1,0,0,0,0,5,0,0,0,p,"B2, B3","e.c4, vs.16, vs.17, vs.37, vs.38, vs.47, vs.50"
all,chr,B1b | Overall compositional status,1,1,1,0,0,3,0,0,1,1,0,0,0,1990,0,5,0,0,1,0,0,0,p2,NA,0,0,0,0,0,0,0,1,0,0,0,0,0,0,0,0,1,0,0,0,0,0,0,0,0,0,0,,"MDir, NINA","fj.12, sk.12, vs.06",p,0,5,2,0,0,0,0,1,0,0,0,0,0,1,0,0,0,0,,"e.i2, e.j9, e.k6, e.l5, e.m3",x,6,0,2,0,0,0,0,0,1,0,0,0,0,3,0,0,0,x,,"e.i2, e.j9, e.k6, e.l5, e.m3, fj.12, sk.12, vs.06"
all,chr,"B2 | Deadwood, litter",2,2,2,2,2,3,0,0,2,2,0,0,0,2010,2010,5,5,0,2,0,0,0,p2,p2,0,0,0,0,0,0,0,2,0,0,0,0,2,0,0,2,0,0,0,0,0,0,0,0,0,0,0,B1b,NIBIO,"sk.07, sk.08",p,1,0,1,0,0,0,1,0,0,0,0,0,0,0,0,0,0,0,,!e.e1,p,3,3,0,0,0,0,0,0,0,0,0,0,0,3,0,0,0,p,B1b,"!e.e1, sk.07, sk.08"
all,chr,B2 | Phytoplankton density,3,3,3,3,3,2,0,3,0,1,2,0,0,0,0,1,1,3,0,0,0,0,pp,pp,0,0,0,0,0,0,0,0,3,0,0,0,3,0,0,3,0,0,0,0,0,0,0,0,0,0,0,"B1a, B3","NIVA, Vannmiljø","KLFA, MSMDI, PPBIOMTOVO",n,0,3,0,1,0,0,0,0,1,0,0,0,0,0,0,0,0,0,B3,"e.j5, e.k4, e.l4",x,6,3,0,1,0,0,0,0,0,0,0,0,0,1,3,0,0,n,"B1a, B3","KLFA, MSMDI, PPBIOMTOVO, e.j5, e.k4, e.l4"
all,chr,B2 | Total vegetation cover,2,2,2,1,1,3,0,0,2,0,0,2,0,2000,2000,1,1,2,0,0,0,0,g3,g3,0,0,2,0,0,0,0,0,0,0,0,0,0,2,0,1,0,0,0,0,0,0,0,0,0,1,0,B3,NASA,"fj.01, sk.01",u,1,3,1,0,2,0,1,0,1,0,0,0,1,0,0,0,0,0,"B3, C1","!e.a1, e.e6, e.f4, e.g3",x,6,2,0,1,0,0,0,1,0,0,0,1,0,1,0,4,0,u,"B3, C1","!e.a1, e.e6, e.f4, e.g3, fj.01, sk.01"
all,chr,B2 | Tree & shrub layer cover,1,1,1,0,0,2,0,1,0,0,1,0,0,2010,0,0,0,0,0,0,0,0,g2,NA,0,1,0,0,0,0,0,0,0,0,0,0,0,1,0,0,0,0,1,0,0,0,0,0,0,0,0,,NINA,"vs.05, vs.28",n,1,1,1,0,0,0,1,0,0,0,0,0,0,0,0,0,0,0,,"!e.e2, e.a5",x,3,1,0,0,1,0,0,0,0,0,0,0,0,1,1,0,0,x,,"!e.e2, e.a5, vs.05, vs.28"
all,chr,B3 | Disturbance intensity / ecosystem age,5,5,5,4,4,3,0,3,2,2,0,3,0,2000,2000,5,5,0,5,0,0,0,p2,p2,0,0,0,0,0,0,0,5,0,0,0,0,5,0,0,4,0,1,0,0,0,0,0,0,0,0,0,"B1a, B2","MDir, NIBIO, NINA","fj.14, sk.09, vs.04, vs.41c, vs.41d, vs.64",x,0,4,1,1,1,0,2,0,0,0,0,0,0,0,1,0,0,0,C1,"e.b5, e.c5, e.f5, e.m6",x,9,6,0,1,0,0,0,0,0,1,0,0,0,3,1,4,0,p,"B1a, B2, C1","e.b5, e.c5, e.f5, e.m6, fj.14, sk.09, vs.04, vs.41c, vs.41d, vs.64"
all,chr,B3 | Ecosystem productivity,0,0,0,0,0,0,0,0,0,0,0,0,0,0,0,0,0,0,0,0,0,0,,,0,0,0,0,0,0,0,0,0,0,0,0,0,0,0,0,0,0,0,0,0,0,0,0,0,0,0,,,,,0,1,0,0,1,0,0,0,1,0,0,0,0,0,0,0,0,0,,e.c6,u,1,0,0,1,0,0,0,0,0,0,0,0,0,0,0,1,0,u,,e.c6
all,chr,B3 | Functions underlying key ES,2,2,2,2,2,2,0,2,0,1,1,0,0,2020,2020,1,1,1,1,0,0,0,p2,p2,0,0,0,0,0,0,0,1,1,0,0,0,2,0,0,2,0,0,0,0,0,0,0,0,0,0,0,"B1a, B2","NINA, NIVA, Vannmiljø","Cyanomax, vs.45, vs.72",x,0,3,2,1,0,0,1,0,0,0,0,0,0,0,0,2,0,0,B1a,"e.a6, e.b6, e.m5",p,5,3,0,0,0,0,0,0,0,0,2,0,0,3,2,0,0,p,"B1a, B2","Cyanomax, e.a6, e.b6, e.m5, vs.45, vs.72"
all,chr,B3 | Trophic balance,2,2,2,2,2,2,0,2,0,0,0,2,0,1907,1907,10,10,0,0,2,0,0,p1,p1,0,0,0,0,0,0,2,0,0,0,0,0,2,0,0,2,0,0,0,0,0,0,0,0,0,0,0,"B1a, B2",NTNU,"vs.11, vs.71, vs.74",u,0,0,0,0,0,0,0,0,0,0,0,0,0,0,0,0,0,0,,,,2,2,0,0,0,0,0,0,0,0,0,0,0,0,0,2,0,,"B1a, B2","vs.11, vs.71, vs.74"
all,chr,C1 | Agricultural landscape features,0,0,0,0,0,0,0,0,0,0,0,0,0,0,0,0,0,0,0,0,0,0,,,0,0,0,0,0,0,0,0,0,0,0,0,0,0,0,0,0,0,0,0,0,0,0,0,0,0,0,,,,,0,4,2,0,0,0,2,0,0,0,0,0,0,0,0,0,0,0,B2,"e.b7, e.b8, e.c7, e.c8",x,4,2,0,0,0,0,0,0,0,0,0,0,0,2,0,0,0,x,B2,"e.b7, e.b8, e.c7, e.c8"
all,chr,C1 | Landscape connectivity & fragmentation,3,3,3,2,2,3,0,2,1,0,2,1,0,2021,0,1,1,2,0,0,0,0,pp,pp,0,0,0,0,0,0,0,0,2,1,0,0,2,0,1,2,0,0,0,0,0,0,1,0,0,0,0,,"Statens kartverk, Vannmiljø","barriereeffekt, fj.11, fragmenteringsgrad, vs.02",n,0,3,1,1,0,0,2,0,0,0,0,0,0,0,0,0,0,0,,"e.e7, e.f6, e.j7",x,6,4,0,0,0,0,0,0,1,0,0,0,0,1,3,1,0,n,,"barriereeffekt, e.e7, e.f6, e.j7, fj.11, fragmenteringsgrad, vs.02"
all,chr,C1 | Landscape naturalness,1,1,1,1,1,3,0,0,1,1,0,0,0,1988,1988,5,5,0,1,0,0,0,p2,p2,0,0,0,0,0,0,0,1,0,0,0,0,0,0,1,1,0,0,0,0,0,0,0,0,0,0,0,,MDir,"fj.10, sk.13, vs.02",p,0,2,1,0,0,0,1,0,0,0,0,0,0,0,0,0,0,0,,"e.e8, e.f7",x,3,2,0,0,0,0,0,0,0,0,0,0,0,2,0,0,0,p,,"e.e8, e.f7, fj.10, sk.13, vs.02"
all,chr,X | unclear / excluded,1,1,1,0,0,2,0,1,0,0,0,0,0,0,0,1,0,1,0,0,0,0,NA,NA,0,0,0,0,0,0,0,0,0,0,1,0,1,0,0,0,1,0,0,0,0,0,0,0,0,0,0,,Vann-nett,overall ecol status,x,0,2,0,1,1,0,0,0,0,0,0,0,0,0,0,2,0,0,,"e.c3, e.j2",x,3,0,1,0,0,0,0,0,0,0,2,0,0,0,1,1,0,x,,"e.c3, e.j2, overall ecol status"
a,all,all,2,2,1,1,1,2,1,1,0,0,0,2,0,2000,2000,1,1,2,0,0,0,,g3,g3,0,0,2,0,0,0,0,0,0,0,0,0,0,2,0,1,0,0,0,0,0,0,0,0,0,1,0,B3,NASA,"fj.01, sk.01",u,2,4,21,17,8,0,21,1,4,1,0,0,3,7,3,4,1,1,"A2, B1a, B2, B3, C1","!e.a1, !e.a2, e.a3, e.a4, e.a5, e.a6",p,8,22,1,4,1,0,0,3,7,3,4,2,1,21,17,10,0,p,"A2, B1a, B2, B3, C1","!e.a1, !e.a2, e.a3, e.a4, e.a5, e.a6, fj.01, sk.01"
a,cls,A1,0,0,0,0,0,0,0,0,0,0,0,0,0,0,0,0,0,0,0,0,0,,NA,NA,0,0,0,0,0,0,0,0,0,0,0,0,0,0,0,0,0,0,0,0,0,0,0,0,0,0,0,,,,,1,1,1,5,3,0,4,0,1,1,0,0,2,0,0,0,1,0,"A2, C1","!e.a2, e.a3",n,2,4,0,1,1,0,0,2,0,0,0,1,0,1,5,3,0,n,"A2, C1","!e.a2, e.a3"
a,cls,A2,0,0,0,0,0,0,0,0,0,0,0,0,0,0,0,0,0,0,0,0,0,,NA,NA,0,0,0,0,0,0,0,0,0,0,0,0,0,0,0,0,0,0,0,0,0,0,0,0,0,0,0,,,,,0,1,3,4,0,0,5,0,0,0,0,0,0,2,0,0,0,0,A2,e.a4,p,1,5,0,0,0,0,0,0,2,0,0,0,0,3,4,0,0,p,A2,e.a4
a,cls,B1a,0,0,0,0,0,0,0,0,0,0,0,0,0,0,0,0,0,0,0,0,0,,NA,NA,0,0,0,0,0,0,0,0,0,0,0,0,0,0,0,0,0,0,0,0,0,0,0,0,0,0,0,,,,,0,0,0,2,0,0,1,0,0,0,0,0,0,0,1,0,0,0,,,,0,1,0,0,0,0,0,0,0,1,0,0,0,0,2,0,0,,,
a,cls,B1b,0,0,0,0,0,0,0,0,0,0,0,0,0,0,0,0,0,0,0,0,0,,NA,NA,0,0,0,0,0,0,0,0,0,0,0,0,0,0,0,0,0,0,0,0,0,0,0,0,0,0,0,,,,,0,0,7,0,0,0,0,1,0,0,0,0,0,5,1,0,0,0,,,p,0,0,1,0,0,0,0,0,5,1,0,0,0,7,0,0,0,p,,
a,cls,B2,2,2,1,1,1,2,1,1,0,0,0,2,0,2000,2000,1,1,2,0,0,0,,g3,g3,0,0,2,0,0,0,0,0,0,0,0,0,0,2,0,1,0,0,0,0,0,0,0,0,0,1,0,B3,NASA,"fj.01, sk.01",u,1,1,3,1,2,0,3,0,2,0,0,0,1,0,0,0,0,0,"B3, C1","!e.a1, e.a5",p,4,4,0,2,0,0,0,1,0,0,0,1,0,3,1,4,0,p,"B3, C1","!e.a1, e.a5, fj.01, sk.01"
a,cls,B3,0,0,0,0,0,0,0,0,0,0,0,0,0,0,0,0,0,0,0,0,0,,NA,NA,0,0,0,0,0,0,0,0,0,0,0,0,0,0,0,0,0,0,0,0,0,0,0,0,0,0,0,,,,,0,1,3,2,2,0,3,0,1,0,0,0,0,0,1,2,0,0,"B1a, C1",e.a6,p,1,3,0,1,0,0,0,0,0,1,2,0,0,3,2,2,0,p,"B1a, C1",e.a6
a,cls,C1,0,0,0,0,0,0,0,0,0,0,0,0,0,0,0,0,0,0,0,0,0,,NA,NA,0,0,0,0,0,0,0,0,0,0,0,0,0,0,0,0,0,0,0,0,0,0,0,0,0,0,0,,,,,0,0,4,1,0,0,5,0,0,0,0,0,0,0,0,0,0,0,B2,,p,0,5,0,0,0,0,0,0,0,0,0,0,0,4,1,0,0,p,B2,
a,cls,X,0,0,0,0,0,0,0,0,0,0,0,0,0,0,0,0,0,0,0,0,0,,NA,NA,0,0,0,0,0,0,0,0,0,0,0,0,0,0,0,0,0,0,0,0,0,0,0,0,0,0,0,,,,,0,0,0,2,1,0,0,0,0,0,0,0,0,0,0,2,0,1,,,,0,0,0,0,0,0,0,0,0,0,2,0,1,0,2,1,0,,,
a,chr,A1 | Air physical quality,0,0,0,0,0,0,0,0,0,0,0,0,0,0,0,0,0,0,0,0,0,0,,,0,0,0,0,0,0,0,0,0,0,0,0,0,0,0,0,0,0,0,0,0,0,0,0,0,0,0,,,,,1,0,0,1,0,0,1,0,0,0,0,0,0,0,0,0,0,0,A2,!e.a2,n,1,1,0,0,0,0,0,0,0,0,0,0,0,0,1,0,0,n,A2,!e.a2
a,chr,A1 | Soil physical quality,0,0,0,0,0,0,0,0,0,0,0,0,0,0,0,0,0,0,0,0,0,0,,,0,0,0,0,0,0,0,0,0,0,0,0,0,0,0,0,0,0,0,0,0,0,0,0,0,0,0,,,,,0,1,0,1,0,0,0,0,0,0,0,0,1,0,0,0,0,0,C1,e.a3,n,1,0,0,0,0,0,0,1,0,0,0,0,0,0,1,0,0,n,C1,e.a3
a,chr,A2 | Air chemical quality,0,0,0,0,0,0,0,0,0,0,0,0,0,0,0,0,0,0,0,0,0,0,,,0,0,0,0,0,0,0,0,0,0,0,0,0,0,0,0,0,0,0,0,0,0,0,0,0,0,0,,,,,0,1,0,1,0,0,1,0,0,0,0,0,0,0,0,0,0,0,,e.a4,n,1,1,0,0,0,0,0,0,0,0,0,0,0,0,1,0,0,n,,e.a4
a,chr,B2 | Total vegetation cover,2,2,1,1,1,2,1,1,0,0,0,2,0,2000,2000,1,1,2,0,0,0,0,g3,g3,0,0,2,0,0,0,0,0,0,0,0,0,0,2,0,1,0,0,0,0,0,0,0,0,0,1,0,B3,NASA,"fj.01, sk.01",u,1,0,1,0,2,0,1,0,1,0,0,0,1,0,0,0,0,0,"B3, C1",!e.a1,p,3,2,0,1,0,0,0,1,0,0,0,1,0,1,0,4,0,p,"B3, C1","!e.a1, fj.01, sk.01"
a,chr,B2 | Tree & shrub layer cover,0,0,0,0,0,0,0,0,0,0,0,0,0,0,0,0,0,0,0,0,0,0,NA,NA,0,0,0,0,0,0,0,0,0,0,0,0,0,0,0,0,0,0,0,0,0,0,0,0,0,0,0,,,,,0,1,1,0,0,0,1,0,0,0,0,0,0,0,0,0,0,0,,e.a5,p,1,1,0,0,0,0,0,0,0,0,0,0,0,1,0,0,0,p,,e.a5
a,chr,B3 | Functions underlying key ES,0,0,0,0,0,0,0,0,0,0,0,0,0,0,0,0,0,0,0,0,0,0,NA,NA,0,0,0,0,0,0,0,0,0,0,0,0,0,0,0,0,0,0,0,0,0,0,0,0,0,0,0,,,,,0,1,2,1,0,0,1,0,0,0,0,0,0,0,0,2,0,0,B1a,e.a6,p,1,1,0,0,0,0,0,0,0,0,2,0,0,2,1,0,0,p,B1a,e.a6
b,all,all,0,0,0,0,0,0,0,0,0,0,0,0,0,0,0,0,0,0,0,0,0,,NA,NA,0,0,0,0,0,0,0,0,0,0,0,0,0,0,0,0,0,0,0,0,0,0,0,0,0,0,0,,,,,2,7,21,17,8,0,21,1,4,1,0,0,3,7,3,4,1,1,"A2, B1a, B2, B3, C1","!e.b1, !e.d1, e.b2, e.b3, e.b4, e.b5, e.b6, e.b7, e.b8",p,9,21,1,4,1,0,0,3,7,3,4,1,1,21,17,8,0,p,"A2, B1a, B2, B3, C1","!e.b1, !e.d1, e.b2, e.b3, e.b4, e.b5, e.b6, e.b7, e.b8"
b,cls,A1,0,0,0,0,0,0,0,0,0,0,0,0,0,0,0,0,0,0,0,0,0,,NA,NA,0,0,0,0,0,0,0,0,0,0,0,0,0,0,0,0,0,0,0,0,0,0,0,0,0,0,0,,,,,0,1,1,5,3,0,4,0,1,1,0,0,2,0,0,0,1,0,"A2, C1",e.b3,p,1,4,0,1,1,0,0,2,0,0,0,1,0,1,5,3,0,p,"A2, C1",e.b3
b,cls,A2,0,0,0,0,0,0,0,0,0,0,0,0,0,0,0,0,0,0,0,0,0,,NA,NA,0,0,0,0,0,0,0,0,0,0,0,0,0,0,0,0,0,0,0,0,0,0,0,0,0,0,0,,,,,1,1,3,4,0,0,5,0,0,0,0,0,0,2,0,0,0,0,A2,"!e.b1, e.b2",p,2,5,0,0,0,0,0,0,2,0,0,0,0,3,4,0,0,p,A2,"!e.b1, e.b2"
b,cls,B1a,0,0,0,0,0,0,0,0,0,0,0,0,0,0,0,0,0,0,0,0,0,,NA,NA,0,0,0,0,0,0,0,0,0,0,0,0,0,0,0,0,0,0,0,0,0,0,0,0,0,0,0,,,,,0,0,0,2,0,0,1,0,0,0,0,0,0,0,1,0,0,0,,,,0,1,0,0,0,0,0,0,0,1,0,0,0,0,2,0,0,,,
b,cls,B1b,0,0,0,0,0,0,0,0,0,0,0,0,0,0,0,0,0,0,0,0,0,,NA,NA,0,0,0,0,0,0,0,0,0,0,0,0,0,0,0,0,0,0,0,0,0,0,0,0,0,0,0,,,,,1,0,7,0,0,0,0,1,0,0,0,0,0,5,1,0,0,0,,!e.d1,p,1,0,1,0,0,0,0,0,5,1,0,0,0,7,0,0,0,p,,!e.d1
b,cls,B2,0,0,0,0,0,0,0,0,0,0,0,0,0,0,0,0,0,0,0,0,0,,NA,NA,0,0,0,0,0,0,0,0,0,0,0,0,0,0,0,0,0,0,0,0,0,0,0,0,0,0,0,,,,,0,0,3,1,2,0,3,0,2,0,0,0,1,0,0,0,0,0,"B3, C1",,p,0,3,0,2,0,0,0,1,0,0,0,0,0,3,1,2,0,p,"B3, C1",
b,cls,B3,0,0,0,0,0,0,0,0,0,0,0,0,0,0,0,0,0,0,0,0,0,,NA,NA,0,0,0,0,0,0,0,0,0,0,0,0,0,0,0,0,0,0,0,0,0,0,0,0,0,0,0,,,,,0,2,3,2,2,0,3,0,1,0,0,0,0,0,1,2,0,0,"B1a, C1","e.b5, e.b6",p,2,3,0,1,0,0,0,0,0,1,2,0,0,3,2,2,0,p,"B1a, C1","e.b5, e.b6"
b,cls,C1,0,0,0,0,0,0,0,0,0,0,0,0,0,0,0,0,0,0,0,0,0,,NA,NA,0,0,0,0,0,0,0,0,0,0,0,0,0,0,0,0,0,0,0,0,0,0,0,0,0,0,0,,,,,0,2,4,1,0,0,5,0,0,0,0,0,0,0,0,0,0,0,B2,"e.b7, e.b8",p,2,5,0,0,0,0,0,0,0,0,0,0,0,4,1,0,0,p,B2,"e.b7, e.b8"
b,cls,X,0,0,0,0,0,0,0,0,0,0,0,0,0,0,0,0,0,0,0,0,0,,NA,NA,0,0,0,0,0,0,0,0,0,0,0,0,0,0,0,0,0,0,0,0,0,0,0,0,0,0,0,,,,,0,1,0,2,1,0,0,0,0,0,0,0,0,0,0,2,0,1,,e.b4,n,1,0,0,0,0,0,0,0,0,0,2,0,1,0,2,1,0,n,,e.b4
b,chr,,0,0,0,0,0,0,0,0,0,0,0,0,0,0,0,0,0,0,0,0,0,0,,,0,0,0,0,0,0,0,0,0,0,0,0,0,0,0,0,0,0,0,0,0,0,0,0,0,0,0,,,,,0,1,0,1,0,0,0,0,0,0,0,0,0,0,0,0,0,1,,e.b4,n,1,0,0,0,0,0,0,0,0,0,0,0,1,0,1,0,0,n,,e.b4
b,chr,A1 | Water physical availability/permanence,0,0,0,0,0,0,0,0,0,0,0,0,0,0,0,0,0,0,0,0,0,0,NA,NA,0,0,0,0,0,0,0,0,0,0,0,0,0,0,0,0,0,0,0,0,0,0,0,0,0,0,0,,,,,0,1,0,2,3,0,2,0,1,0,0,0,1,0,0,0,1,0,,e.b3,n,1,2,0,1,0,0,0,1,0,0,0,1,0,0,2,3,0,n,,e.b3
b,chr,A2 | Soil chemical quality,0,0,0,0,0,0,0,0,0,0,0,0,0,0,0,0,0,0,0,0,0,0,NA,NA,0,0,0,0,0,0,0,0,0,0,0,0,0,0,0,0,0,0,0,0,0,0,0,0,0,0,0,,,,,0,1,0,1,0,0,0,0,0,0,0,0,0,1,0,0,0,0,,e.b2,n,1,0,0,0,0,0,0,0,1,0,0,0,0,0,1,0,0,n,,e.b2
b,chr,A2 | Soil organic carbon,0,0,0,0,0,0,0,0,0,0,0,0,0,0,0,0,0,0,0,0,0,0,,,0,0,0,0,0,0,0,0,0,0,0,0,0,0,0,0,0,0,0,0,0,0,0,0,0,0,0,,,,,1,0,1,0,0,0,1,0,0,0,0,0,0,0,0,0,0,0,,!e.b1,p,1,1,0,0,0,0,0,0,0,0,0,0,0,1,0,0,0,p,,!e.b1
b,chr,B1b | Birds diversity,0,0,0,0,0,0,0,0,0,0,0,0,0,0,0,0,0,0,0,0,0,0,,,0,0,0,0,0,0,0,0,0,0,0,0,0,0,0,0,0,0,0,0,0,0,0,0,0,0,0,,,,,1,0,3,0,0,0,0,0,0,0,0,0,0,2,1,0,0,0,,!e.d1,p,1,0,0,0,0,0,0,0,2,1,0,0,0,3,0,0,0,p,,!e.d1
b,chr,B3 | Disturbance intensity / ecosystem age,0,0,0,0,0,0,0,0,0,0,0,0,0,0,0,0,0,0,0,0,0,0,NA,NA,0,0,0,0,0,0,0,0,0,0,0,0,0,0,0,0,0,0,0,0,0,0,0,0,0,0,0,,,,,0,1,1,1,1,0,2,0,0,0,0,0,0,0,1,0,0,0,C1,e.b5,p,1,2,0,0,0,0,0,0,0,1,0,0,0,1,1,1,0,p,C1,e.b5
b,chr,B3 | Functions underlying key ES,0,0,0,0,0,0,0,0,0,0,0,0,0,0,0,0,0,0,0,0,0,0,NA,NA,0,0,0,0,0,0,0,0,0,0,0,0,0,0,0,0,0,0,0,0,0,0,0,0,0,0,0,,,,,0,1,2,1,0,0,1,0,0,0,0,0,0,0,0,2,0,0,B1a,e.b6,p,1,1,0,0,0,0,0,0,0,0,2,0,0,2,1,0,0,p,B1a,e.b6
b,chr,C1 | Agricultural landscape features,0,0,0,0,0,0,0,0,0,0,0,0,0,0,0,0,0,0,0,0,0,0,,,0,0,0,0,0,0,0,0,0,0,0,0,0,0,0,0,0,0,0,0,0,0,0,0,0,0,0,,,,,0,2,2,0,0,0,2,0,0,0,0,0,0,0,0,0,0,0,B2,"e.b7, e.b8",p,2,2,0,0,0,0,0,0,0,0,0,0,0,2,0,0,0,p,B2,"e.b7, e.b8"
c,all,all,32,2,27,21,1,3,5,26,1,16,2,14,0,1907,2000,1,1,9,19,2,0,,g2,g3,0,1,2,0,0,0,3,24,0,2,0,8,18,3,2,21,1,1,1,0,0,4,1,0,0,1,2,"B1a, B2, B3","MDir, NASA, NINA, NTNU, Statens kartverk","fj.01, fj.02, fj.03, fj.04, fj.05, fj.06, fj.07, fj.08, fj.09, fj.10, fj.11, fj.12, fj.13, fj.14, fj.15, sk.01, sk.02, sk.03, sk.04, sk.10, sk.12, sk.13, vs.02, vs.03, vs.04, vs.05, vs.06, vs.11, vs.16, vs.17, vs.28, vs.29, vs.30, vs.37, vs.38, vs.41, vs.41b, vs.41c, vs.41d, vs.45, vs.47, vs.48, vs.50, vs.64, vs.71, vs.72, vs.74",x,2,7,21,17,8,0,21,1,4,1,0,0,3,7,3,4,1,1,"A2, B1a, B2, B3, C1","!e.c1, !e.d1, e.c2, e.c3, e.c4, e.c5, e.c6, e.c7, e.c8",p,41,42,2,5,2,0,0,7,8,3,4,2,3,37,19,22,0,p,"A2, B1a, B2, B3, C1","!e.c1, !e.d1, e.c2, e.c3, e.c4, e.c5, e.c6, e.c7, e.c8, fj.01, fj.02, fj.03, fj.04, fj.05, fj.06, fj.07, fj.08, fj.09, fj.10, fj.11, fj.12, fj.13, fj.14, fj.15, sk.01, sk.02, sk.03, sk.04, sk.10, sk.12, sk.13, vs.02, vs.03, vs.04, vs.05, vs.06, vs.11, vs.16, vs.17, vs.28, vs.29, vs.30, vs.37, vs.38, vs.41, vs.41b, vs.41c, vs.41d, vs.45, vs.47, vs.48, vs.50, vs.64, vs.71, vs.72, vs.74"
c,cls,A1,2,0,2,1,0,2,0,2,0,0,1,1,0,2019,0,5,0,0,2,0,0,,p2,NA,0,0,0,0,0,0,0,2,0,0,0,0,2,0,0,1,0,0,0,0,0,0,0,0,0,0,1,B1a,MDir,"fj.15, sk.03, vs.30",x,0,0,1,5,3,0,4,0,1,1,0,0,2,0,0,0,1,0,"A2, C1",,p,2,5,0,1,1,0,0,2,0,0,0,1,1,1,6,4,0,p,"A2, B1a, C1","fj.15, sk.03, vs.30"
c,cls,A2,3,0,3,2,0,2,0,3,0,0,0,3,0,2019,0,5,0,0,3,0,0,,p2,NA,0,0,0,0,0,0,0,3,0,0,0,0,3,0,0,2,0,0,0,0,0,0,0,0,0,0,1,B1a,"MDir, NINA","fj.13, sk.02, vs.03, vs.41, vs.41b",u,1,0,3,4,0,0,5,0,0,0,0,0,0,2,0,0,0,0,A2,!e.c1,p,4,7,0,0,0,0,0,0,2,0,0,0,1,3,4,3,0,p,"A2, B1a","!e.c1, fj.13, sk.02, vs.03, vs.41, vs.41b"
c,cls,B1a,10,0,8,8,0,2,2,8,0,8,0,2,0,1990,0,1,0,5,5,0,0,,p1,NA,0,0,0,0,0,0,1,8,0,1,0,8,2,0,0,8,0,0,0,0,0,2,0,0,0,0,0,"B2, B3","MDir, NINA","fj.02, fj.03, fj.04, fj.05, fj.06, fj.07, fj.08, fj.09, sk.04, sk.10, vs.29, vs.48",p,0,0,0,2,0,0,1,0,0,0,0,0,0,0,1,0,0,0,,,,10,9,0,0,0,0,0,2,0,1,0,0,0,8,2,2,0,p,"B2, B3","fj.02, fj.03, fj.04, fj.05, fj.06, fj.07, fj.08, fj.09, sk.04, sk.10, vs.29, vs.48"
c,cls,B1b,5,0,4,2,0,2,1,4,0,5,0,0,0,1990,0,1,0,2,3,0,0,,p2,NA,0,0,0,0,0,0,0,5,0,0,0,0,4,0,0,2,1,0,0,0,0,2,0,0,0,0,0,"B2, B3","MDir, NINA","fj.12, sk.12, vs.06, vs.16, vs.17, vs.37, vs.38, vs.47, vs.50",p,1,1,7,0,0,0,0,1,0,0,0,0,0,5,1,0,0,0,,"!e.d1, e.c4",p,7,2,2,0,0,0,0,2,5,1,0,0,0,12,0,0,0,p,"B2, B3","!e.d1, e.c4, fj.12, sk.12, vs.06, vs.16, vs.17, vs.37, vs.38, vs.47, vs.50"
c,cls,B2,3,2,2,1,1,2,1,2,0,0,1,2,0,2000,2000,1,1,2,0,0,0,,g2,g3,0,1,2,0,0,0,0,0,0,0,0,0,0,3,0,1,0,0,1,0,0,0,0,0,0,1,0,B3,"NASA, NINA","fj.01, sk.01, vs.05, vs.28",u,0,0,3,1,2,0,3,0,2,0,0,0,1,0,0,0,0,0,"B3, C1",,p,3,4,0,2,1,0,0,1,0,0,0,1,0,3,2,4,0,p,"B3, C1","fj.01, sk.01, vs.05, vs.28"
c,cls,B3,7,0,7,6,0,2,0,7,0,2,0,5,0,1907,0,5,0,0,5,2,0,,p1,NA,0,0,0,0,0,0,2,5,0,0,0,0,7,0,0,6,0,1,0,0,0,0,0,0,0,0,0,"B1a, B2","MDir, NINA, NTNU","fj.14, vs.04, vs.11, vs.41c, vs.41d, vs.45, vs.64, vs.71, vs.72, vs.74",u,0,2,3,2,2,0,3,0,1,0,0,0,0,0,1,2,0,0,"B1a, C1","e.c5, e.c6",p,9,9,0,2,0,0,0,0,0,1,2,0,0,5,2,7,0,p,"B1a, B2, C1","e.c5, e.c6, fj.14, vs.04, vs.11, vs.41c, vs.41d, vs.45, vs.64, vs.71, vs.72, vs.74"
c,cls,C1,2,0,1,1,0,3,1,0,1,1,0,1,0,1988,0,5,0,0,1,0,0,,p2,NA,0,0,0,0,0,0,0,1,0,1,0,0,0,0,2,1,0,0,0,0,0,0,1,0,0,0,0,,"MDir, Statens kartverk","fj.10, fj.11, sk.13, vs.02",x,0,2,4,1,0,0,5,0,0,0,0,0,0,0,0,0,0,0,B2,"e.c7, e.c8",p,4,6,0,0,0,0,0,0,1,0,0,0,0,5,1,1,0,p,B2,"e.c7, e.c8, fj.10, fj.11, sk.13, vs.02"
c,cls,X,0,0,0,0,0,0,0,0,0,0,0,0,0,0,0,0,0,0,0,0,0,,NA,NA,0,0,0,0,0,0,0,0,0,0,0,0,0,0,0,0,0,0,0,0,0,0,0,0,0,0,0,,,,,0,2,0,2,1,0,0,0,0,0,0,0,0,0,0,2,0,1,,"e.c2, e.c3",n,2,0,0,0,0,0,0,0,0,0,2,0,1,0,2,1,0,n,,"e.c2, e.c3"
c,chr,,0,0,0,0,0,0,0,0,0,0,0,0,0,0,0,0,0,0,0,0,0,0,,,0,0,0,0,0,0,0,0,0,0,0,0,0,0,0,0,0,0,0,0,0,0,0,0,0,0,0,,,,,0,1,0,1,0,0,0,0,0,0,0,0,0,0,0,0,0,1,,e.c2,n,1,0,0,0,0,0,0,0,0,0,0,0,1,0,1,0,0,n,,e.c2
c,chr,A1 | Mean temperature,1,0,1,0,0,2,0,1,0,0,1,0,0,2019,0,5,0,0,1,0,0,0,p2,NA,0,0,0,0,0,0,0,1,0,0,0,0,1,0,0,0,0,0,0,0,0,0,0,0,0,0,1,B1a,MDir,fj.15,n,0,0,0,0,0,0,0,0,0,0,0,0,0,0,0,0,0,0,,,,1,0,0,0,0,0,0,0,0,0,0,0,1,0,1,0,0,,B1a,fj.15
c,chr,A1 | Water physical availability/permanence,1,0,1,1,0,2,0,1,0,0,0,1,0,2019,0,5,0,0,1,0,0,0,p2,NA,0,0,0,0,0,0,0,1,0,0,0,0,1,0,0,1,0,0,0,0,0,0,0,0,0,0,0,B1a,MDir,"sk.03, vs.30",u,0,0,0,2,3,0,2,0,1,0,0,0,1,0,0,0,1,0,,,,1,3,0,1,0,0,0,1,0,0,0,1,0,0,2,4,0,,B1a,"sk.03, vs.30"
c,chr,A2 | Soil chemical quality,3,0,3,2,0,2,0,3,0,0,0,3,0,2019,0,5,0,0,3,0,0,0,p2,NA,0,0,0,0,0,0,0,3,0,0,0,0,3,0,0,2,0,0,0,0,0,0,0,0,0,0,1,B1a,"MDir, NINA","fj.13, sk.02, vs.03, vs.41, vs.41b",u,0,0,0,1,0,0,0,0,0,0,0,0,0,1,0,0,0,0,,,,3,2,0,0,0,0,0,0,1,0,0,0,1,0,1,3,0,,B1a,"fj.13, sk.02, vs.03, vs.41, vs.41b"
c,chr,A2 | Soil organic carbon,0,0,0,0,0,0,0,0,0,0,0,0,0,0,0,0,0,0,0,0,0,0,,,0,0,0,0,0,0,0,0,0,0,0,0,0,0,0,0,0,0,0,0,0,0,0,0,0,0,0,,,,,1,0,1,0,0,0,1,0,0,0,0,0,0,0,0,0,0,0,,!e.c1,p,1,1,0,0,0,0,0,0,0,0,0,0,0,1,0,0,0,p,,!e.c1
c,chr,B1a | Birds abundance,3,0,2,3,0,2,1,2,0,3,0,0,0,2010,0,1,0,2,1,0,0,0,p2,NA,0,0,0,0,0,0,0,3,0,0,0,3,0,0,0,3,0,0,0,0,0,0,0,0,0,0,0,,"MDir, NINA","fj.04, fj.05, fj.08",p,0,0,0,0,0,0,0,0,0,0,0,0,0,0,0,0,0,0,,,,3,3,0,0,0,0,0,0,0,0,0,0,0,3,0,0,0,p,,"fj.04, fj.05, fj.08"
c,chr,B1a | Insect abundance,1,0,1,1,0,2,0,1,0,1,0,0,0,2020,0,5,0,0,1,0,0,0,p2,NA,0,0,0,0,0,0,0,1,0,0,0,0,1,0,0,1,0,0,0,0,0,0,0,0,0,0,0,B2,NINA,vs.48,p,0,0,0,0,0,0,0,0,0,0,0,0,0,0,0,0,0,0,,,,1,1,0,0,0,0,0,0,0,0,0,0,0,1,0,0,0,p,B2,vs.48
c,chr,B1a | Invasive species abundance,1,0,1,1,0,2,0,1,0,1,0,0,0,2019,0,5,0,0,1,0,0,0,p2,NA,0,0,0,0,0,0,0,1,0,0,0,0,1,0,0,1,0,0,0,0,0,0,0,0,0,0,0,,MDir,"fj.09, sk.04, vs.29",p,0,0,0,2,0,0,1,0,0,0,0,0,0,0,1,0,0,0,,,,1,2,0,0,0,0,0,0,0,1,0,0,0,1,2,0,0,p,,"fj.09, sk.04, vs.29"
c,chr,B1a | Mammals abundance,5,0,4,3,0,2,1,4,0,3,0,2,0,1990,0,1,0,3,2,0,0,0,p1,NA,0,0,0,0,0,0,1,3,0,1,0,5,0,0,0,3,0,0,0,0,0,2,0,0,0,0,0,B3,"MDir, NINA","fj.02, fj.03, fj.06, fj.07, sk.10",x,0,0,0,0,0,0,0,0,0,0,0,0,0,0,0,0,0,0,,,,5,3,0,0,0,0,0,2,0,0,0,0,0,3,0,2,0,p,B3,"fj.02, fj.03, fj.06, fj.07, sk.10"
c,chr,B1b | Birds diversity,0,0,0,0,0,0,0,0,0,0,0,0,0,0,0,0,0,0,0,0,0,0,,,0,0,0,0,0,0,0,0,0,0,0,0,0,0,0,0,0,0,0,0,0,0,0,0,0,0,0,,,,,1,0,3,0,0,0,0,0,0,0,0,0,0,2,1,0,0,0,,!e.d1,p,1,0,0,0,0,0,0,0,2,1,0,0,0,3,0,0,0,p,,!e.d1
c,chr,B1b | Insects diversity,4,0,4,2,0,2,0,4,0,4,0,0,0,2009,0,1,0,2,2,0,0,0,p2,NA,0,0,0,0,0,0,0,4,0,0,0,0,4,0,0,2,0,0,0,0,0,2,0,0,0,0,0,"B2, B3",NINA,"vs.16, vs.17, vs.37, vs.38, vs.47, vs.50",p,0,1,1,0,0,0,0,0,0,0,0,0,0,1,0,0,0,0,,e.c4,p,5,2,0,0,0,0,0,2,1,0,0,0,0,5,0,0,0,p,"B2, B3","e.c4, vs.16, vs.17, vs.37, vs.38, vs.47, vs.50"
c,chr,B1b | Overall compositional status,1,0,0,0,0,1,1,0,0,1,0,0,0,1990,0,5,0,0,1,0,0,0,p2,NA,0,0,0,0,0,0,0,1,0,0,0,0,0,0,0,0,1,0,0,0,0,0,0,0,0,0,0,,"MDir, NINA","fj.12, sk.12, vs.06",p,0,0,2,0,0,0,0,1,0,0,0,0,0,1,0,0,0,0,,,p,1,0,2,0,0,0,0,0,1,0,0,0,0,3,0,0,0,p,,"fj.12, sk.12, vs.06"
c,chr,B2 | Total vegetation cover,2,2,1,1,1,2,1,1,0,0,0,2,0,2000,2000,1,1,2,0,0,0,0,g3,g3,0,0,2,0,0,0,0,0,0,0,0,0,0,2,0,1,0,0,0,0,0,0,0,0,0,1,0,B3,NASA,"fj.01, sk.01",u,0,0,1,0,2,0,1,0,1,0,0,0,1,0,0,0,0,0,"B3, C1",,p,2,2,0,1,0,0,0,1,0,0,0,1,0,1,0,4,0,p,"B3, C1","fj.01, sk.01"
c,chr,B2 | Tree & shrub layer cover,1,0,1,0,0,2,0,1,0,0,1,0,0,2010,0,0,0,0,0,0,0,0,g2,NA,0,1,0,0,0,0,0,0,0,0,0,0,0,1,0,0,0,0,1,0,0,0,0,0,0,0,0,,NINA,"vs.05, vs.28",n,0,0,1,0,0,0,1,0,0,0,0,0,0,0,0,0,0,0,,,p,1,1,0,0,1,0,0,0,0,0,0,0,0,1,1,0,0,p,,"vs.05, vs.28"
c,chr,B3 | Disturbance intensity / ecosystem age,4,0,4,3,0,2,0,4,0,1,0,3,0,2019,0,5,0,0,4,0,0,0,p2,NA,0,0,0,0,0,0,0,4,0,0,0,0,4,0,0,3,0,1,0,0,0,0,0,0,0,0,0,B1a,"MDir, NINA","fj.14, vs.04, vs.41c, vs.41d, vs.64",u,0,1,1,1,1,0,2,0,0,0,0,0,0,0,1,0,0,0,C1,e.c5,p,5,5,0,1,0,0,0,0,0,1,0,0,0,2,1,4,0,p,"B1a, C1","e.c5, fj.14, vs.04, vs.41c, vs.41d, vs.64"
c,chr,B3 | Ecosystem productivity,0,0,0,0,0,0,0,0,0,0,0,0,0,0,0,0,0,0,0,0,0,0,,,0,0,0,0,0,0,0,0,0,0,0,0,0,0,0,0,0,0,0,0,0,0,0,0,0,0,0,,,,,0,1,0,0,1,0,0,0,1,0,0,0,0,0,0,0,0,0,,e.c6,u,1,0,0,1,0,0,0,0,0,0,0,0,0,0,0,1,0,u,,e.c6
c,chr,B3 | Functions underlying key ES,1,0,1,1,0,2,0,1,0,1,0,0,0,2020,0,5,0,0,1,0,0,0,p2,NA,0,0,0,0,0,0,0,1,0,0,0,0,1,0,0,1,0,0,0,0,0,0,0,0,0,0,0,B1a,NINA,"vs.45, vs.72",p,0,0,2,1,0,0,1,0,0,0,0,0,0,0,0,2,0,0,B1a,,p,1,2,0,0,0,0,0,0,0,0,2,0,0,3,1,0,0,p,B1a,"vs.45, vs.72"
c,chr,B3 | Trophic balance,2,0,2,2,0,2,0,2,0,0,0,2,0,1907,0,10,0,0,0,2,0,0,p1,NA,0,0,0,0,0,0,2,0,0,0,0,0,2,0,0,2,0,0,0,0,0,0,0,0,0,0,0,"B1a, B2",NTNU,"vs.11, vs.71, vs.74",u,0,0,0,0,0,0,0,0,0,0,0,0,0,0,0,0,0,0,,,,2,2,0,0,0,0,0,0,0,0,0,0,0,0,0,2,0,,"B1a, B2","vs.11, vs.71, vs.74"
c,chr,C1 | Agricultural landscape features,0,0,0,0,0,0,0,0,0,0,0,0,0,0,0,0,0,0,0,0,0,0,,,0,0,0,0,0,0,0,0,0,0,0,0,0,0,0,0,0,0,0,0,0,0,0,0,0,0,0,,,,,0,2,2,0,0,0,2,0,0,0,0,0,0,0,0,0,0,0,B2,"e.c7, e.c8",p,2,2,0,0,0,0,0,0,0,0,0,0,0,2,0,0,0,p,B2,"e.c7, e.c8"
c,chr,C1 | Landscape connectivity & fragmentation,1,0,0,0,0,1,1,0,0,0,0,1,0,2021,0,0,0,0,0,0,0,0,px,NA,0,0,0,0,0,0,0,0,0,1,0,0,0,0,1,0,0,0,0,0,0,0,1,0,0,0,0,,Statens kartverk,"fj.11, vs.02",u,0,0,1,1,0,0,2,0,0,0,0,0,0,0,0,0,0,0,,,p,1,2,0,0,0,0,0,0,1,0,0,0,0,1,1,1,0,p,,"fj.11, vs.02"
c,chr,C1 | Landscape naturalness,1,0,1,1,0,3,0,0,1,1,0,0,0,1988,0,5,0,0,1,0,0,0,p2,NA,0,0,0,0,0,0,0,1,0,0,0,0,0,0,1,1,0,0,0,0,0,0,0,0,0,0,0,,MDir,"fj.10, sk.13, vs.02",p,0,0,1,0,0,0,1,0,0,0,0,0,0,0,0,0,0,0,,,p,1,2,0,0,0,0,0,0,0,0,0,0,0,2,0,0,0,p,,"fj.10, sk.13, vs.02"
c,chr,X | unclear / excluded,0,0,0,0,0,0,0,0,0,0,0,0,0,0,0,0,0,0,0,0,0,0,NA,NA,0,0,0,0,0,0,0,0,0,0,0,0,0,0,0,0,0,0,0,0,0,0,0,0,0,0,0,,,,,0,1,0,1,1,0,0,0,0,0,0,0,0,0,0,2,0,0,,e.c3,n,1,0,0,0,0,0,0,0,0,0,2,0,0,0,1,1,0,n,,e.c3
e,all,all,24,17,19,19,11,3,5,10,9,15,1,8,0,1907,1988,1,1,3,19,2,0,,g3,g3,0,0,2,0,0,0,3,19,0,0,0,4,16,2,1,19,1,1,0,0,0,1,0,0,0,1,1,"B1a, B1b, B2, B3","MDir, NASA, NIBIO, NINA, NTNU","fj.01, fj.06, fj.07, fj.09, fj.10, fj.12, fj.13, fj.14, fj.15, sk.01, sk.02, sk.03, sk.04, sk.05, sk.06, sk.07, sk.08, sk.09, sk.10, sk.11, sk.12, sk.13, vs.02, vs.03, vs.04, vs.06, vs.11, vs.29, vs.30, vs.45, vs.47, vs.48, vs.50, vs.71, vs.72, vs.74",x,2,6,21,17,8,0,21,1,4,1,0,0,3,7,3,4,1,1,"A2, B1a, B2, B3, C1","!e.e1, !e.e2, e.e3, e.e4, e.e5, e.e6, e.e7, e.e8",p,32,40,2,5,1,0,0,4,7,3,4,2,2,36,18,16,0,p,"A2, B1a, B1b, B2, B3, C1","!e.e1, !e.e2, e.e3, e.e4, e.e5, e.e6, e.e7, e.e8, fj.01, fj.06, fj.07, fj.09, fj.10, fj.12, fj.13, fj.14, fj.15, sk.01, sk.02, sk.03, sk.04, sk.05, sk.06, sk.07, sk.08, sk.09, sk.10, sk.11, sk.12, sk.13, vs.02, vs.03, vs.04, vs.06, vs.11, vs.29, vs.30, vs.45, vs.47, vs.48, vs.50, vs.71, vs.72, vs.74"
e,cls,A1,2,2,1,1,1,2,1,1,0,0,1,1,0,2019,2019,5,5,0,2,0,0,,p2,p2,0,0,0,0,0,0,0,2,0,0,0,0,2,0,0,1,0,0,0,0,0,0,0,0,0,0,1,B1a,MDir,"fj.15, sk.03, vs.30",x,0,1,1,5,3,0,4,0,1,1,0,0,2,0,0,0,1,0,"A2, C1",e.e3,p,3,5,0,1,1,0,0,2,0,0,0,1,1,1,6,4,0,p,"A2, B1a, C1","e.e3, fj.15, sk.03, vs.30"
e,cls,A2,1,1,1,1,1,2,0,1,0,0,0,1,0,2019,2019,5,5,0,1,0,0,,p2,p2,0,0,0,0,0,0,0,1,0,0,0,0,1,0,0,1,0,0,0,0,0,0,0,0,0,0,0,B1a,MDir,"fj.13, sk.02, vs.03",u,0,1,3,4,0,0,5,0,0,0,0,0,0,2,0,0,0,0,A2,e.e4,p,2,6,0,0,0,0,0,0,2,0,0,0,0,3,4,1,0,p,"A2, B1a","e.e4, fj.13, sk.02, vs.03"
e,cls,B1a,8,6,6,7,4,3,2,2,4,7,0,1,0,1990,1990,1,5,1,7,0,0,,p1,p2,0,0,0,0,0,0,1,7,0,0,0,4,4,0,0,7,0,0,0,0,0,1,0,0,0,0,0,"B2, B3","MDir, NIBIO, NINA","fj.06, fj.07, fj.09, sk.04, sk.05, sk.06, sk.10, sk.11, vs.29, vs.48",p,0,0,0,2,0,0,1,0,0,0,0,0,0,0,1,0,0,0,,,,8,8,0,0,0,0,0,1,0,1,0,0,0,7,2,1,0,p,"B2, B3","fj.06, fj.07, fj.09, sk.04, sk.05, sk.06, sk.10, sk.11, vs.29, vs.48"
e,cls,B1b,3,1,3,2,0,2,0,3,0,3,0,0,0,1990,0,5,0,0,3,0,0,,p2,NA,0,0,0,0,0,0,0,3,0,0,0,0,2,0,0,2,1,0,0,0,0,0,0,0,0,0,0,B3,"MDir, NINA","fj.12, sk.12, vs.06, vs.47, vs.50",p,0,1,7,0,0,0,0,1,0,0,0,0,0,5,1,0,0,0,,e.e5,p,4,2,2,0,0,0,0,0,5,1,0,0,0,10,0,0,0,p,B3,"e.e5, fj.12, sk.12, vs.06, vs.47, vs.50"
e,cls,B2,4,4,3,3,3,3,1,0,3,2,0,2,0,2000,2000,1,1,2,2,0,0,,g3,g3,0,0,2,0,0,0,0,2,0,0,0,0,2,2,0,3,0,0,0,0,0,0,0,0,0,1,0,"B1b, B3","NASA, NIBIO","fj.01, sk.01, sk.07, sk.08",x,2,1,3,1,2,0,3,0,2,0,0,0,1,0,0,0,0,0,"B3, C1","!e.e1, !e.e2, e.e6",p,7,6,0,2,0,0,0,1,0,0,0,1,0,5,1,4,0,p,"B1b, B3, C1","!e.e1, !e.e2, e.e6, fj.01, sk.01, sk.07, sk.08"
e,cls,B3,5,2,4,4,1,3,1,3,1,2,0,3,0,1907,2000,5,5,0,3,2,0,,p1,p2,0,0,0,0,0,0,2,3,0,0,0,0,5,0,0,4,0,1,0,0,0,0,0,0,0,0,0,"B1a, B2","MDir, NIBIO, NINA, NTNU","fj.14, sk.09, vs.04, vs.11, vs.45, vs.71, vs.72, vs.74",x,0,0,3,2,2,0,3,0,1,0,0,0,0,0,1,2,0,0,"B1a, C1",,p,5,7,0,2,0,0,0,0,0,1,2,0,0,5,2,5,0,p,"B1a, B2, C1","fj.14, sk.09, vs.04, vs.11, vs.45, vs.71, vs.72, vs.74"
e,cls,C1,1,1,1,1,1,3,0,0,1,1,0,0,0,1988,1988,5,5,0,1,0,0,,p2,p2,0,0,0,0,0,0,0,1,0,0,0,0,0,0,1,1,0,0,0,0,0,0,0,0,0,0,0,,MDir,"fj.10, sk.13, vs.02",p,0,2,4,1,0,0,5,0,0,0,0,0,0,0,0,0,0,0,B2,"e.e7, e.e8",p,3,6,0,0,0,0,0,0,0,0,0,0,0,5,1,0,0,p,B2,"e.e7, e.e8, fj.10, sk.13, vs.02"
e,cls,X,0,0,0,0,0,0,0,0,0,0,0,0,0,0,0,0,0,0,0,0,0,,NA,NA,0,0,0,0,0,0,0,0,0,0,0,0,0,0,0,0,0,0,0,0,0,0,0,0,0,0,0,,,,,0,0,0,2,1,0,0,0,0,0,0,0,0,0,0,2,0,1,,,,0,0,0,0,0,0,0,0,0,0,2,0,1,0,2,1,0,,,
e,chr,A1 | Mean temperature,1,1,0,0,0,1,1,0,0,0,1,0,0,2019,0,5,0,0,1,0,0,0,p2,NA,0,0,0,0,0,0,0,1,0,0,0,0,1,0,0,0,0,0,0,0,0,0,0,0,0,0,1,B1a,MDir,fj.15,n,0,0,0,0,0,0,0,0,0,0,0,0,0,0,0,0,0,0,,,,1,0,0,0,0,0,0,0,0,0,0,0,1,0,1,0,0,,B1a,fj.15
e,chr,A1 | Water physical availability/permanence,1,1,1,1,1,2,0,1,0,0,0,1,0,2019,2019,5,5,0,1,0,0,0,p2,p2,0,0,0,0,0,0,0,1,0,0,0,0,1,0,0,1,0,0,0,0,0,0,0,0,0,0,0,B1a,MDir,"sk.03, vs.30",u,0,1,0,2,3,0,2,0,1,0,0,0,1,0,0,0,1,0,,e.e3,n,2,3,0,1,0,0,0,1,0,0,0,1,0,0,2,4,0,n,B1a,"e.e3, sk.03, vs.30"
e,chr,A2 | Soil chemical quality,1,1,1,1,1,2,0,1,0,0,0,1,0,2019,2019,5,5,0,1,0,0,0,p2,p2,0,0,0,0,0,0,0,1,0,0,0,0,1,0,0,1,0,0,0,0,0,0,0,0,0,0,0,B1a,MDir,"fj.13, sk.02, vs.03",u,0,0,0,1,0,0,0,0,0,0,0,0,0,1,0,0,0,0,,,,1,1,0,0,0,0,0,0,1,0,0,0,0,0,1,1,0,,B1a,"fj.13, sk.02, vs.03"
e,chr,A2 | Soil organic carbon,0,0,0,0,0,0,0,0,0,0,0,0,0,0,0,0,0,0,0,0,0,0,,,0,0,0,0,0,0,0,0,0,0,0,0,0,0,0,0,0,0,0,0,0,0,0,0,0,0,0,,,,,0,1,1,0,0,0,1,0,0,0,0,0,0,0,0,0,0,0,,e.e4,p,1,1,0,0,0,0,0,0,0,0,0,0,0,1,0,0,0,p,,e.e4
e,chr,B1a | Insect abundance,1,0,1,1,0,2,0,1,0,1,0,0,0,2020,0,5,0,0,1,0,0,0,p2,NA,0,0,0,0,0,0,0,1,0,0,0,0,1,0,0,1,0,0,0,0,0,0,0,0,0,0,0,B2,NINA,vs.48,p,0,0,0,0,0,0,0,0,0,0,0,0,0,0,0,0,0,0,,,,1,1,0,0,0,0,0,0,0,0,0,0,0,1,0,0,0,p,B2,vs.48
e,chr,B1a | Invasive species abundance,1,1,1,1,1,2,0,1,0,1,0,0,0,2019,2019,5,5,0,1,0,0,0,p2,p2,0,0,0,0,0,0,0,1,0,0,0,0,1,0,0,1,0,0,0,0,0,0,0,0,0,0,0,,MDir,"fj.09, sk.04, vs.29",p,0,0,0,2,0,0,1,0,0,0,0,0,0,0,1,0,0,0,,,,1,2,0,0,0,0,0,0,0,1,0,0,0,1,2,0,0,p,,"fj.09, sk.04, vs.29"
e,chr,B1a | Mammals abundance,4,3,2,3,1,3,2,0,2,3,0,1,0,1990,1990,1,5,1,3,0,0,0,p1,p2,0,0,0,0,0,0,1,3,0,0,0,4,0,0,0,3,0,0,0,0,0,1,0,0,0,0,0,B3,"MDir, NINA","fj.06, fj.07, sk.10, sk.11",p,0,0,0,0,0,0,0,0,0,0,0,0,0,0,0,0,0,0,,,,4,3,0,0,0,0,0,1,0,0,0,0,0,3,0,1,0,p,B3,"fj.06, fj.07, sk.10, sk.11"
e,chr,B1a | Plants abundance,2,2,2,2,2,3,0,0,2,2,0,0,0,1994,1994,5,5,0,2,0,0,0,p2,p2,0,0,0,0,0,0,0,2,0,0,0,0,2,0,0,2,0,0,0,0,0,0,0,0,0,0,0,B2,NIBIO,"sk.05, sk.06",p,0,0,0,0,0,0,0,0,0,0,0,0,0,0,0,0,0,0,,,,2,2,0,0,0,0,0,0,0,0,0,0,0,2,0,0,0,p,B2,"sk.05, sk.06"
e,chr,B1b | Birds diversity,0,0,0,0,0,0,0,0,0,0,0,0,0,0,0,0,0,0,0,0,0,0,,,0,0,0,0,0,0,0,0,0,0,0,0,0,0,0,0,0,0,0,0,0,0,0,0,0,0,0,,,,,0,1,3,0,0,0,0,0,0,0,0,0,0,2,1,0,0,0,,e.e5,p,1,0,0,0,0,0,0,0,2,1,0,0,0,3,0,0,0,p,,e.e5
e,chr,B1b | Insects diversity,2,0,2,2,0,2,0,2,0,2,0,0,0,2020,0,5,0,0,2,0,0,0,p2,NA,0,0,0,0,0,0,0,2,0,0,0,0,2,0,0,2,0,0,0,0,0,0,0,0,0,0,0,B3,NINA,"vs.47, vs.50",p,0,0,1,0,0,0,0,0,0,0,0,0,0,1,0,0,0,0,,,p,2,2,0,0,0,0,0,0,1,0,0,0,0,3,0,0,0,p,B3,"vs.47, vs.50"
e,chr,B1b | Overall compositional status,1,1,1,0,0,2,0,1,0,1,0,0,0,1990,0,5,0,0,1,0,0,0,p2,NA,0,0,0,0,0,0,0,1,0,0,0,0,0,0,0,0,1,0,0,0,0,0,0,0,0,0,0,,"MDir, NINA","fj.12, sk.12, vs.06",p,0,0,2,0,0,0,0,1,0,0,0,0,0,1,0,0,0,0,,,p,1,0,2,0,0,0,0,0,1,0,0,0,0,3,0,0,0,p,,"fj.12, sk.12, vs.06"
e,chr,"B2 | Deadwood, litter",2,2,2,2,2,3,0,0,2,2,0,0,0,2010,2010,5,5,0,2,0,0,0,p2,p2,0,0,0,0,0,0,0,2,0,0,0,0,2,0,0,2,0,0,0,0,0,0,0,0,0,0,0,B1b,NIBIO,"sk.07, sk.08",p,1,0,1,0,0,0,1,0,0,0,0,0,0,0,0,0,0,0,,!e.e1,p,3,3,0,0,0,0,0,0,0,0,0,0,0,3,0,0,0,p,B1b,"!e.e1, sk.07, sk.08"
e,chr,B2 | Total vegetation cover,2,2,1,1,1,3,1,0,1,0,0,2,0,2000,2000,1,1,2,0,0,0,0,g3,g3,0,0,2,0,0,0,0,0,0,0,0,0,0,2,0,1,0,0,0,0,0,0,0,0,0,1,0,B3,NASA,"fj.01, sk.01",u,0,1,1,0,2,0,1,0,1,0,0,0,1,0,0,0,0,0,"B3, C1",e.e6,p,3,2,0,1,0,0,0,1,0,0,0,1,0,1,0,4,0,p,"B3, C1","e.e6, fj.01, sk.01"
e,chr,B2 | Tree & shrub layer cover,0,0,0,0,0,0,0,0,0,0,0,0,0,0,0,0,0,0,0,0,0,0,NA,NA,0,0,0,0,0,0,0,0,0,0,0,0,0,0,0,0,0,0,0,0,0,0,0,0,0,0,0,,,,,1,0,1,0,0,0,1,0,0,0,0,0,0,0,0,0,0,0,,!e.e2,p,1,1,0,0,0,0,0,0,0,0,0,0,0,1,0,0,0,p,,!e.e2
e,chr,B3 | Disturbance intensity / ecosystem age,2,2,1,1,1,3,1,0,1,1,0,1,0,2000,2000,5,5,0,2,0,0,0,p2,p2,0,0,0,0,0,0,0,2,0,0,0,0,2,0,0,1,0,1,0,0,0,0,0,0,0,0,0,"B1a, B2","MDir, NIBIO","fj.14, sk.09, vs.04",x,0,0,1,1,1,0,2,0,0,0,0,0,0,0,1,0,0,0,C1,,p,2,3,0,1,0,0,0,0,0,1,0,0,0,2,1,2,0,p,"B1a, B2, C1","fj.14, sk.09, vs.04"
e,chr,B3 | Functions underlying key ES,1,0,1,1,0,2,0,1,0,1,0,0,0,2020,0,5,0,0,1,0,0,0,p2,NA,0,0,0,0,0,0,0,1,0,0,0,0,1,0,0,1,0,0,0,0,0,0,0,0,0,0,0,B1a,NINA,"vs.45, vs.72",p,0,0,2,1,0,0,1,0,0,0,0,0,0,0,0,2,0,0,B1a,,p,1,2,0,0,0,0,0,0,0,0,2,0,0,3,1,0,0,p,B1a,"vs.45, vs.72"
e,chr,B3 | Trophic balance,2,0,2,2,0,2,0,2,0,0,0,2,0,1907,0,10,0,0,0,2,0,0,p1,NA,0,0,0,0,0,0,2,0,0,0,0,0,2,0,0,2,0,0,0,0,0,0,0,0,0,0,0,"B1a, B2",NTNU,"vs.11, vs.71, vs.74",u,0,0,0,0,0,0,0,0,0,0,0,0,0,0,0,0,0,0,,,,2,2,0,0,0,0,0,0,0,0,0,0,0,0,0,2,0,,"B1a, B2","vs.11, vs.71, vs.74"
e,chr,C1 | Landscape connectivity & fragmentation,0,0,0,0,0,0,0,0,0,0,0,0,0,0,0,0,0,0,0,0,0,0,NA,NA,0,0,0,0,0,0,0,0,0,0,0,0,0,0,0,0,0,0,0,0,0,0,0,0,0,0,0,,,,,0,1,1,1,0,0,2,0,0,0,0,0,0,0,0,0,0,0,,e.e7,p,1,2,0,0,0,0,0,0,0,0,0,0,0,1,1,0,0,p,,e.e7
e,chr,C1 | Landscape naturalness,1,1,1,1,1,3,0,0,1,1,0,0,0,1988,1988,5,5,0,1,0,0,0,p2,p2,0,0,0,0,0,0,0,1,0,0,0,0,0,0,1,1,0,0,0,0,0,0,0,0,0,0,0,,MDir,"fj.10, sk.13, vs.02",p,0,1,1,0,0,0,1,0,0,0,0,0,0,0,0,0,0,0,,e.e8,p,2,2,0,0,0,0,0,0,0,0,0,0,0,2,0,0,0,p,,"e.e8, fj.10, sk.13, vs.02"
f,all,all,32,26,27,21,15,3,5,26,1,16,2,14,0,1907,1907,1,1,9,19,2,0,,g2,g3,0,1,2,0,0,0,3,24,0,2,0,8,18,3,2,21,1,1,1,0,0,4,1,0,0,1,2,"B1a, B2, B3","MDir, NASA, NINA, NTNU, Statens kartverk","fj.01, fj.02, fj.03, fj.04, fj.05, fj.06, fj.07, fj.08, fj.09, fj.10, fj.11, fj.12, fj.13, fj.14, fj.15, sk.01, sk.02, sk.03, sk.04, sk.10, sk.12, sk.13, vs.02, vs.03, vs.04, vs.05, vs.06, vs.11, vs.16, vs.17, vs.28, vs.29, vs.30, vs.37, vs.38, vs.41, vs.41b, vs.41c, vs.41d, vs.45, vs.47, vs.48, vs.50, vs.64, vs.71, vs.72, vs.74",x,0,7,21,17,8,0,21,1,4,1,0,0,3,7,3,4,1,1,"A2, B1a, B2, B3, C1","e.f1, e.f2, e.f3, e.f4, e.f5, e.f6, e.f7",p,39,42,2,5,2,0,0,7,8,3,4,2,3,37,19,22,0,p,"A2, B1a, B2, B3, C1","e.f1, e.f2, e.f3, e.f4, e.f5, e.f6, e.f7, fj.01, fj.02, fj.03, fj.04, fj.05, fj.06, fj.07, fj.08, fj.09, fj.10, fj.11, fj.12, fj.13, fj.14, fj.15, sk.01, sk.02, sk.03, sk.04, sk.10, sk.12, sk.13, vs.02, vs.03, vs.04, vs.05, vs.06, vs.11, vs.16, vs.17, vs.28, vs.29, vs.30, vs.37, vs.38, vs.41, vs.41b, vs.41c, vs.41d, vs.45, vs.47, vs.48, vs.50, vs.64, vs.71, vs.72, vs.74"
f,cls,A1,2,2,2,1,1,2,0,2,0,0,1,1,0,2019,2019,5,5,0,2,0,0,,p2,p2,0,0,0,0,0,0,0,2,0,0,0,0,2,0,0,1,0,0,0,0,0,0,0,0,0,0,1,B1a,MDir,"fj.15, sk.03, vs.30",x,0,1,1,5,3,0,4,0,1,1,0,0,2,0,0,0,1,0,"A2, C1",e.f1,p,3,5,0,1,1,0,0,2,0,0,0,1,1,1,6,4,0,p,"A2, B1a, C1","e.f1, fj.15, sk.03, vs.30"
f,cls,A2,3,3,3,2,2,2,0,3,0,0,0,3,0,2019,2019,5,5,0,3,0,0,,p2,p2,0,0,0,0,0,0,0,3,0,0,0,0,3,0,0,2,0,0,0,0,0,0,0,0,0,0,1,B1a,"MDir, NINA","fj.13, sk.02, vs.03, vs.41, vs.41b",u,0,1,3,4,0,0,5,0,0,0,0,0,0,2,0,0,0,0,A2,e.f2,p,4,7,0,0,0,0,0,0,2,0,0,0,1,3,4,3,0,p,"A2, B1a","e.f2, fj.13, sk.02, vs.03, vs.41, vs.41b"
f,cls,B1a,10,8,8,8,6,2,2,8,0,8,0,2,0,1990,1990,1,1,5,5,0,0,,p1,p1,0,0,0,0,0,0,1,8,0,1,0,8,2,0,0,8,0,0,0,0,0,2,0,0,0,0,0,"B2, B3","MDir, NINA","fj.02, fj.03, fj.04, fj.05, fj.06, fj.07, fj.08, fj.09, sk.04, sk.10, vs.29, vs.48",p,0,0,0,2,0,0,1,0,0,0,0,0,0,0,1,0,0,0,,,,10,9,0,0,0,0,0,2,0,1,0,0,0,8,2,2,0,p,"B2, B3","fj.02, fj.03, fj.04, fj.05, fj.06, fj.07, fj.08, fj.09, sk.04, sk.10, vs.29, vs.48"
f,cls,B1b,5,3,4,2,0,2,1,4,0,5,0,0,0,1990,0,1,0,2,3,0,0,,p2,NA,0,0,0,0,0,0,0,5,0,0,0,0,4,0,0,2,1,0,0,0,0,2,0,0,0,0,0,"B2, B3","MDir, NINA","fj.12, sk.12, vs.06, vs.16, vs.17, vs.37, vs.38, vs.47, vs.50",p,0,1,7,0,0,0,0,1,0,0,0,0,0,5,1,0,0,0,,e.f3,p,6,2,2,0,0,0,0,2,5,1,0,0,0,12,0,0,0,p,"B2, B3","e.f3, fj.12, sk.12, vs.06, vs.16, vs.17, vs.37, vs.38, vs.47, vs.50"
f,cls,B2,3,3,2,1,1,2,1,2,0,0,1,2,0,2000,2000,1,1,2,0,0,0,,g2,g3,0,1,2,0,0,0,0,0,0,0,0,0,0,3,0,1,0,0,1,0,0,0,0,0,0,1,0,B3,"NASA, NINA","fj.01, sk.01, vs.05, vs.28",u,0,1,3,1,2,0,3,0,2,0,0,0,1,0,0,0,0,0,"B3, C1",e.f4,p,4,4,0,2,1,0,0,1,0,0,0,1,0,3,2,4,0,p,"B3, C1","e.f4, fj.01, sk.01, vs.05, vs.28"
f,cls,B3,7,5,7,6,4,2,0,7,0,2,0,5,0,1907,1907,5,5,0,5,2,0,,p1,p1,0,0,0,0,0,0,2,5,0,0,0,0,7,0,0,6,0,1,0,0,0,0,0,0,0,0,0,"B1a, B2","MDir, NINA, NTNU","fj.14, vs.04, vs.11, vs.41c, vs.41d, vs.45, vs.64, vs.71, vs.72, vs.74",u,0,1,3,2,2,0,3,0,1,0,0,0,0,0,1,2,0,0,"B1a, C1",e.f5,p,8,9,0,2,0,0,0,0,0,1,2,0,0,5,2,7,0,p,"B1a, B2, C1","e.f5, fj.14, vs.04, vs.11, vs.41c, vs.41d, vs.45, vs.64, vs.71, vs.72, vs.74"
f,cls,C1,2,2,1,1,1,3,1,0,1,1,0,1,0,1988,1988,5,5,0,1,0,0,,p2,p2,0,0,0,0,0,0,0,1,0,1,0,0,0,0,2,1,0,0,0,0,0,0,1,0,0,0,0,,"MDir, Statens kartverk","fj.10, fj.11, sk.13, vs.02",x,0,2,4,1,0,0,5,0,0,0,0,0,0,0,0,0,0,0,B2,"e.f6, e.f7",p,4,6,0,0,0,0,0,0,1,0,0,0,0,5,1,1,0,p,B2,"e.f6, e.f7, fj.10, fj.11, sk.13, vs.02"
f,cls,X,0,0,0,0,0,0,0,0,0,0,0,0,0,0,0,0,0,0,0,0,0,,NA,NA,0,0,0,0,0,0,0,0,0,0,0,0,0,0,0,0,0,0,0,0,0,0,0,0,0,0,0,,,,,0,0,0,2,1,0,0,0,0,0,0,0,0,0,0,2,0,1,,,,0,0,0,0,0,0,0,0,0,0,2,0,1,0,2,1,0,,,
f,chr,A1 | Mean temperature,1,1,1,0,0,2,0,1,0,0,1,0,0,2019,0,5,0,0,1,0,0,0,p2,NA,0,0,0,0,0,0,0,1,0,0,0,0,1,0,0,0,0,0,0,0,0,0,0,0,0,0,1,B1a,MDir,fj.15,n,0,0,0,0,0,0,0,0,0,0,0,0,0,0,0,0,0,0,,,,1,0,0,0,0,0,0,0,0,0,0,0,1,0,1,0,0,,B1a,fj.15
f,chr,A1 | Water physical availability/permanence,1,1,1,1,1,2,0,1,0,0,0,1,0,2019,2019,5,5,0,1,0,0,0,p2,p2,0,0,0,0,0,0,0,1,0,0,0,0,1,0,0,1,0,0,0,0,0,0,0,0,0,0,0,B1a,MDir,"sk.03, vs.30",u,0,1,0,2,3,0,2,0,1,0,0,0,1,0,0,0,1,0,,e.f1,n,2,3,0,1,0,0,0,1,0,0,0,1,0,0,2,4,0,n,B1a,"e.f1, sk.03, vs.30"
f,chr,A2 | Soil chemical quality,3,3,3,2,2,2,0,3,0,0,0,3,0,2019,2019,5,5,0,3,0,0,0,p2,p2,0,0,0,0,0,0,0,3,0,0,0,0,3,0,0,2,0,0,0,0,0,0,0,0,0,0,1,B1a,"MDir, NINA","fj.13, sk.02, vs.03, vs.41, vs.41b",u,0,0,0,1,0,0,0,0,0,0,0,0,0,1,0,0,0,0,,,,3,2,0,0,0,0,0,0,1,0,0,0,1,0,1,3,0,,B1a,"fj.13, sk.02, vs.03, vs.41, vs.41b"
f,chr,A2 | Soil organic carbon,0,0,0,0,0,0,0,0,0,0,0,0,0,0,0,0,0,0,0,0,0,0,,,0,0,0,0,0,0,0,0,0,0,0,0,0,0,0,0,0,0,0,0,0,0,0,0,0,0,0,,,,,0,1,1,0,0,0,1,0,0,0,0,0,0,0,0,0,0,0,,e.f2,p,1,1,0,0,0,0,0,0,0,0,0,0,0,1,0,0,0,p,,e.f2
f,chr,B1a | Birds abundance,3,3,2,3,2,2,1,2,0,3,0,0,0,2010,2010,1,1,2,1,0,0,0,p2,p2,0,0,0,0,0,0,0,3,0,0,0,3,0,0,0,3,0,0,0,0,0,0,0,0,0,0,0,,"MDir, NINA","fj.04, fj.05, fj.08",p,0,0,0,0,0,0,0,0,0,0,0,0,0,0,0,0,0,0,,,,3,3,0,0,0,0,0,0,0,0,0,0,0,3,0,0,0,p,,"fj.04, fj.05, fj.08"
f,chr,B1a | Insect abundance,1,0,1,1,0,2,0,1,0,1,0,0,0,2020,0,5,0,0,1,0,0,0,p2,NA,0,0,0,0,0,0,0,1,0,0,0,0,1,0,0,1,0,0,0,0,0,0,0,0,0,0,0,B2,NINA,vs.48,p,0,0,0,0,0,0,0,0,0,0,0,0,0,0,0,0,0,0,,,,1,1,0,0,0,0,0,0,0,0,0,0,0,1,0,0,0,p,B2,vs.48
f,chr,B1a | Invasive species abundance,1,1,1,1,1,2,0,1,0,1,0,0,0,2019,2019,5,5,0,1,0,0,0,p2,p2,0,0,0,0,0,0,0,1,0,0,0,0,1,0,0,1,0,0,0,0,0,0,0,0,0,0,0,,MDir,"fj.09, sk.04, vs.29",p,0,0,0,2,0,0,1,0,0,0,0,0,0,0,1,0,0,0,,,,1,2,0,0,0,0,0,0,0,1,0,0,0,1,2,0,0,p,,"fj.09, sk.04, vs.29"
f,chr,B1a | Mammals abundance,5,4,4,3,3,2,1,4,0,3,0,2,0,1990,1990,1,1,3,2,0,0,0,p1,p1,0,0,0,0,0,0,1,3,0,1,0,5,0,0,0,3,0,0,0,0,0,2,0,0,0,0,0,B3,"MDir, NINA","fj.02, fj.03, fj.06, fj.07, sk.10",x,0,0,0,0,0,0,0,0,0,0,0,0,0,0,0,0,0,0,,,,5,3,0,0,0,0,0,2,0,0,0,0,0,3,0,2,0,p,B3,"fj.02, fj.03, fj.06, fj.07, sk.10"
f,chr,B1b | Birds diversity,0,0,0,0,0,0,0,0,0,0,0,0,0,0,0,0,0,0,0,0,0,0,,,0,0,0,0,0,0,0,0,0,0,0,0,0,0,0,0,0,0,0,0,0,0,0,0,0,0,0,,,,,0,1,3,0,0,0,0,0,0,0,0,0,0,2,1,0,0,0,,e.f3,p,1,0,0,0,0,0,0,0,2,1,0,0,0,3,0,0,0,p,,e.f3
f,chr,B1b | Insects diversity,4,2,4,2,0,2,0,4,0,4,0,0,0,2009,0,1,0,2,2,0,0,0,p2,NA,0,0,0,0,0,0,0,4,0,0,0,0,4,0,0,2,0,0,0,0,0,2,0,0,0,0,0,"B2, B3",NINA,"vs.16, vs.17, vs.37, vs.38, vs.47, vs.50",p,0,0,1,0,0,0,0,0,0,0,0,0,0,1,0,0,0,0,,,p,4,2,0,0,0,0,0,2,1,0,0,0,0,5,0,0,0,p,"B2, B3","vs.16, vs.17, vs.37, vs.38, vs.47, vs.50"
f,chr,B1b | Overall compositional status,1,1,0,0,0,1,1,0,0,1,0,0,0,1990,0,5,0,0,1,0,0,0,p2,NA,0,0,0,0,0,0,0,1,0,0,0,0,0,0,0,0,1,0,0,0,0,0,0,0,0,0,0,,"MDir, NINA","fj.12, sk.12, vs.06",p,0,0,2,0,0,0,0,1,0,0,0,0,0,1,0,0,0,0,,,p,1,0,2,0,0,0,0,0,1,0,0,0,0,3,0,0,0,p,,"fj.12, sk.12, vs.06"
f,chr,B2 | Total vegetation cover,2,2,1,1,1,2,1,1,0,0,0,2,0,2000,2000,1,1,2,0,0,0,0,g3,g3,0,0,2,0,0,0,0,0,0,0,0,0,0,2,0,1,0,0,0,0,0,0,0,0,0,1,0,B3,NASA,"fj.01, sk.01",u,0,1,1,0,2,0,1,0,1,0,0,0,1,0,0,0,0,0,"B3, C1",e.f4,p,3,2,0,1,0,0,0,1,0,0,0,1,0,1,0,4,0,p,"B3, C1","e.f4, fj.01, sk.01"
f,chr,B2 | Tree & shrub layer cover,1,1,1,0,0,2,0,1,0,0,1,0,0,2010,0,0,0,0,0,0,0,0,g2,NA,0,1,0,0,0,0,0,0,0,0,0,0,0,1,0,0,0,0,1,0,0,0,0,0,0,0,0,,NINA,"vs.05, vs.28",n,0,0,1,0,0,0,1,0,0,0,0,0,0,0,0,0,0,0,,,p,1,1,0,0,1,0,0,0,0,0,0,0,0,1,1,0,0,p,,"vs.05, vs.28"
f,chr,B3 | Disturbance intensity / ecosystem age,4,3,4,3,2,2,0,4,0,1,0,3,0,2019,2019,5,5,0,4,0,0,0,p2,p2,0,0,0,0,0,0,0,4,0,0,0,0,4,0,0,3,0,1,0,0,0,0,0,0,0,0,0,B1a,"MDir, NINA","fj.14, vs.04, vs.41c, vs.41d, vs.64",u,0,1,1,1,1,0,2,0,0,0,0,0,0,0,1,0,0,0,C1,e.f5,p,5,5,0,1,0,0,0,0,0,1,0,0,0,2,1,4,0,p,"B1a, C1","e.f5, fj.14, vs.04, vs.41c, vs.41d, vs.64"
f,chr,B3 | Functions underlying key ES,1,0,1,1,0,2,0,1,0,1,0,0,0,2020,0,5,0,0,1,0,0,0,p2,NA,0,0,0,0,0,0,0,1,0,0,0,0,1,0,0,1,0,0,0,0,0,0,0,0,0,0,0,B1a,NINA,"vs.45, vs.72",p,0,0,2,1,0,0,1,0,0,0,0,0,0,0,0,2,0,0,B1a,,p,1,2,0,0,0,0,0,0,0,0,2,0,0,3,1,0,0,p,B1a,"vs.45, vs.72"
f,chr,B3 | Trophic balance,2,2,2,2,2,2,0,2,0,0,0,2,0,1907,1907,10,10,0,0,2,0,0,p1,p1,0,0,0,0,0,0,2,0,0,0,0,0,2,0,0,2,0,0,0,0,0,0,0,0,0,0,0,"B1a, B2",NTNU,"vs.11, vs.71, vs.74",u,0,0,0,0,0,0,0,0,0,0,0,0,0,0,0,0,0,0,,,,2,2,0,0,0,0,0,0,0,0,0,0,0,0,0,2,0,,"B1a, B2","vs.11, vs.71, vs.74"
f,chr,C1 | Landscape connectivity & fragmentation,1,1,0,0,0,1,1,0,0,0,0,1,0,2021,0,0,0,0,0,0,0,0,px,NA,0,0,0,0,0,0,0,0,0,1,0,0,0,0,1,0,0,0,0,0,0,0,1,0,0,0,0,,Statens kartverk,"fj.11, vs.02",u,0,1,1,1,0,0,2,0,0,0,0,0,0,0,0,0,0,0,,e.f6,p,2,2,0,0,0,0,0,0,1,0,0,0,0,1,1,1,0,p,,"e.f6, fj.11, vs.02"
f,chr,C1 | Landscape naturalness,1,1,1,1,1,3,0,0,1,1,0,0,0,1988,1988,5,5,0,1,0,0,0,p2,p2,0,0,0,0,0,0,0,1,0,0,0,0,0,0,1,1,0,0,0,0,0,0,0,0,0,0,0,,MDir,"fj.10, sk.13, vs.02",p,0,1,1,0,0,0,1,0,0,0,0,0,0,0,0,0,0,0,,e.f7,p,2,2,0,0,0,0,0,0,0,0,0,0,0,2,0,0,0,p,,"e.f7, fj.10, sk.13, vs.02"
g,all,all,24,2,10,15,1,3,14,8,2,12,1,11,0,1907,1988,1,5,7,13,2,0,,g3,p2,0,0,2,0,0,0,3,17,0,2,0,6,13,2,2,15,1,1,1,0,0,2,1,0,0,1,2,"B1a, B2, B3","MDir, NASA, NINA, NTNU, NVE, Statens kartverk","fj.01, fj.03, fj.05, fj.06, fj.07, fj.08, fj.09, fj.10, fj.11, fj.12, fj.13, fj.14, fj.15, fj.16, sk.01, sk.02, sk.03, sk.04, sk.12, sk.13, vs.02, vs.03, vs.04, vs.06, vs.11, vs.16, vs.17, vs.29, vs.30, vs.37, vs.38, vs.41, vs.41b, vs.41d, vs.64, vs.71, vs.74",x,0,3,21,17,8,0,21,1,4,1,0,0,3,7,3,4,1,1,"A2, B1a, B2, B3, C1","e.g1, e.g2, e.g3",p,27,36,2,5,2,0,0,5,8,3,4,2,3,33,18,19,0,p,"A2, B1a, B2, B3, C1","e.g1, e.g2, e.g3, fj.01, fj.03, fj.05, fj.06, fj.07, fj.08, fj.09, fj.10, fj.11, fj.12, fj.13, fj.14, fj.15, fj.16, sk.01, sk.02, sk.03, sk.04, sk.12, sk.13, vs.02, vs.03, vs.04, vs.06, vs.11, vs.16, vs.17, vs.29, vs.30, vs.37, vs.38, vs.41, vs.41b, vs.41d, vs.64, vs.71, vs.74"
g,cls,A1,3,0,2,1,0,3,1,1,1,1,1,1,0,1966,0,5,0,0,2,0,0,,p2,NA,0,0,0,0,0,0,0,2,0,1,0,1,2,0,0,1,0,0,1,0,0,0,0,0,0,0,1,B1a,"MDir, NVE","fj.15, fj.16, sk.03, vs.30",x,0,1,1,5,3,0,4,0,1,1,0,0,2,0,0,0,1,0,"A2, C1",e.g1,p,4,5,0,1,2,0,0,2,0,0,0,1,1,2,6,4,0,p,"A2, B1a, C1","e.g1, fj.15, fj.16, sk.03, vs.30"
g,cls,A2,3,0,0,2,0,1,3,0,0,0,0,3,0,2019,0,5,0,0,3,0,0,,p2,NA,0,0,0,0,0,0,0,3,0,0,0,0,3,0,0,2,0,0,0,0,0,0,0,0,0,0,1,B1a,"MDir, NINA","fj.13, sk.02, vs.03, vs.41, vs.41b",u,0,0,3,4,0,0,5,0,0,0,0,0,0,2,0,0,0,0,A2,,p,3,7,0,0,0,0,0,0,2,0,0,0,1,3,4,3,0,p,"A2, B1a","fj.13, sk.02, vs.03, vs.41, vs.41b"
g,cls,B1a,6,0,4,6,0,2,2,4,0,6,0,0,0,1990,0,1,0,3,3,0,0,,p1,NA,0,0,0,0,0,0,1,5,0,0,0,5,1,0,0,6,0,0,0,0,0,0,0,0,0,0,0,B3,"MDir, NINA","fj.03, fj.05, fj.06, fj.07, fj.08, fj.09, sk.04, vs.29",p,0,1,0,2,0,0,1,0,0,0,0,0,0,0,1,0,0,0,,e.g2,n,7,7,0,0,0,0,0,0,0,1,0,0,0,6,2,0,0,p,B3,"e.g2, fj.03, fj.05, fj.06, fj.07, fj.08, fj.09, sk.04, vs.29"
g,cls,B1b,3,0,0,0,0,1,3,0,0,3,0,0,0,1990,0,1,0,2,1,0,0,,p2,NA,0,0,0,0,0,0,0,3,0,0,0,0,2,0,0,0,1,0,0,0,0,2,0,0,0,0,0,B2,"MDir, NINA","fj.12, sk.12, vs.06, vs.16, vs.17, vs.37, vs.38",p,0,0,7,0,0,0,0,1,0,0,0,0,0,5,1,0,0,0,,,p,3,0,2,0,0,0,0,2,5,1,0,0,0,10,0,0,0,p,B2,"fj.12, sk.12, vs.06, vs.16, vs.17, vs.37, vs.38"
g,cls,B2,2,0,0,1,0,1,2,0,0,0,0,2,0,2000,0,1,0,2,0,0,0,,g3,NA,0,0,2,0,0,0,0,0,0,0,0,0,0,2,0,1,0,0,0,0,0,0,0,0,0,1,0,B3,NASA,"fj.01, sk.01",u,0,1,3,1,2,0,3,0,2,0,0,0,1,0,0,0,0,0,"B3, C1",e.g3,p,3,4,0,2,0,0,0,1,0,0,0,1,0,3,1,4,0,p,"B3, C1","e.g3, fj.01, sk.01"
g,cls,B3,5,0,3,4,0,2,2,3,0,1,0,4,0,1907,0,5,0,0,3,2,0,,p1,NA,0,0,0,0,0,0,2,3,0,0,0,0,5,0,0,4,0,1,0,0,0,0,0,0,0,0,0,"B1a, B2","MDir, NINA, NTNU","fj.14, vs.04, vs.11, vs.41d, vs.64, vs.71, vs.74",u,0,0,3,2,2,0,3,0,1,0,0,0,0,0,1,2,0,0,"B1a, C1",,p,5,7,0,2,0,0,0,0,0,1,2,0,0,4,2,6,0,p,"B1a, B2, C1","fj.14, vs.04, vs.11, vs.41d, vs.64, vs.71, vs.74"
g,cls,C1,2,2,1,1,1,3,1,0,1,1,0,1,0,1988,1988,5,5,0,1,0,0,,p2,p2,0,0,0,0,0,0,0,1,0,1,0,0,0,0,2,1,0,0,0,0,0,0,1,0,0,0,0,,"MDir, Statens kartverk","fj.10, fj.11, sk.13, vs.02",x,0,0,4,1,0,0,5,0,0,0,0,0,0,0,0,0,0,0,B2,,p,2,6,0,0,0,0,0,0,1,0,0,0,0,5,1,1,0,p,B2,"fj.10, fj.11, sk.13, vs.02"
g,cls,X,0,0,0,0,0,0,0,0,0,0,0,0,0,0,0,0,0,0,0,0,0,,NA,NA,0,0,0,0,0,0,0,0,0,0,0,0,0,0,0,0,0,0,0,0,0,0,0,0,0,0,0,,,,,0,0,0,2,1,0,0,0,0,0,0,0,0,0,0,2,0,1,,,,0,0,0,0,0,0,0,0,0,0,2,0,1,0,2,1,0,,,
g,chr,A1 | Mean temperature,1,0,1,0,0,2,0,1,0,0,1,0,0,2019,0,5,0,0,1,0,0,0,p2,NA,0,0,0,0,0,0,0,1,0,0,0,0,1,0,0,0,0,0,0,0,0,0,0,0,0,0,1,B1a,MDir,fj.15,n,0,0,0,0,0,0,0,0,0,0,0,0,0,0,0,0,0,0,,,,1,0,0,0,0,0,0,0,0,0,0,0,1,0,1,0,0,,B1a,fj.15
g,chr,A1 | Permanent ice cover,1,0,1,0,0,3,0,0,1,1,0,0,0,1966,0,0,0,0,0,0,0,0,px,NA,0,0,0,0,0,0,0,0,0,1,0,1,0,0,0,0,0,0,1,0,0,0,0,0,0,0,0,,NVE,fj.16,p,0,1,1,0,0,0,0,0,0,1,0,0,0,0,0,0,0,0,,e.g1,p,2,0,0,0,2,0,0,0,0,0,0,0,0,2,0,0,0,p,,"e.g1, fj.16"
g,chr,A1 | Water physical availability/permanence,1,0,0,1,0,1,1,0,0,0,0,1,0,2019,0,5,0,0,1,0,0,0,p2,NA,0,0,0,0,0,0,0,1,0,0,0,0,1,0,0,1,0,0,0,0,0,0,0,0,0,0,0,B1a,MDir,"sk.03, vs.30",u,0,0,0,2,3,0,2,0,1,0,0,0,1,0,0,0,1,0,,,,1,3,0,1,0,0,0,1,0,0,0,1,0,0,2,4,0,,B1a,"sk.03, vs.30"
g,chr,A2 | Soil chemical quality,3,0,0,2,0,1,3,0,0,0,0,3,0,2019,0,5,0,0,3,0,0,0,p2,NA,0,0,0,0,0,0,0,3,0,0,0,0,3,0,0,2,0,0,0,0,0,0,0,0,0,0,1,B1a,"MDir, NINA","fj.13, sk.02, vs.03, vs.41, vs.41b",u,0,0,0,1,0,0,0,0,0,0,0,0,0,1,0,0,0,0,,,,3,2,0,0,0,0,0,0,1,0,0,0,1,0,1,3,0,,B1a,"fj.13, sk.02, vs.03, vs.41, vs.41b"
g,chr,B1a | Birds abundance,2,0,2,2,0,2,0,2,0,2,0,0,0,2010,0,1,0,1,1,0,0,0,p2,NA,0,0,0,0,0,0,0,2,0,0,0,2,0,0,0,2,0,0,0,0,0,0,0,0,0,0,0,,"MDir, NINA","fj.05, fj.08",p,0,0,0,0,0,0,0,0,0,0,0,0,0,0,0,0,0,0,,,,2,2,0,0,0,0,0,0,0,0,0,0,0,2,0,0,0,p,,"fj.05, fj.08"
g,chr,B1a | Invasive species abundance,1,0,1,1,0,2,0,1,0,1,0,0,0,2019,0,5,0,0,1,0,0,0,p2,NA,0,0,0,0,0,0,0,1,0,0,0,0,1,0,0,1,0,0,0,0,0,0,0,0,0,0,0,,MDir,"fj.09, sk.04, vs.29",p,0,1,0,2,0,0,1,0,0,0,0,0,0,0,1,0,0,0,,e.g2,n,2,2,0,0,0,0,0,0,0,1,0,0,0,1,2,0,0,p,,"e.g2, fj.09, sk.04, vs.29"
g,chr,B1a | Mammals abundance,3,0,1,3,0,2,2,1,0,3,0,0,0,1990,0,1,0,2,1,0,0,0,p1,NA,0,0,0,0,0,0,1,2,0,0,0,3,0,0,0,3,0,0,0,0,0,0,0,0,0,0,0,B3,"MDir, NINA","fj.03, fj.06, fj.07",p,0,0,0,0,0,0,0,0,0,0,0,0,0,0,0,0,0,0,,,,3,3,0,0,0,0,0,0,0,0,0,0,0,3,0,0,0,p,B3,"fj.03, fj.06, fj.07"
g,chr,B1b | Insects diversity,2,0,0,0,0,1,2,0,0,2,0,0,0,2009,0,1,0,2,0,0,0,0,p2,NA,0,0,0,0,0,0,0,2,0,0,0,0,2,0,0,0,0,0,0,0,0,2,0,0,0,0,0,B2,NINA,"vs.16, vs.17, vs.37, vs.38",p,0,0,1,0,0,0,0,0,0,0,0,0,0,1,0,0,0,0,,,p,2,0,0,0,0,0,0,2,1,0,0,0,0,3,0,0,0,p,B2,"vs.16, vs.17, vs.37, vs.38"
g,chr,B1b | Overall compositional status,1,0,0,0,0,1,1,0,0,1,0,0,0,1990,0,5,0,0,1,0,0,0,p2,NA,0,0,0,0,0,0,0,1,0,0,0,0,0,0,0,0,1,0,0,0,0,0,0,0,0,0,0,,"MDir, NINA","fj.12, sk.12, vs.06",p,0,0,2,0,0,0,0,1,0,0,0,0,0,1,0,0,0,0,,,p,1,0,2,0,0,0,0,0,1,0,0,0,0,3,0,0,0,p,,"fj.12, sk.12, vs.06"
g,chr,B2 | Total vegetation cover,2,0,0,1,0,1,2,0,0,0,0,2,0,2000,0,1,0,2,0,0,0,0,g3,NA,0,0,2,0,0,0,0,0,0,0,0,0,0,2,0,1,0,0,0,0,0,0,0,0,0,1,0,B3,NASA,"fj.01, sk.01",u,0,1,1,0,2,0,1,0,1,0,0,0,1,0,0,0,0,0,"B3, C1",e.g3,p,3,2,0,1,0,0,0,1,0,0,0,1,0,1,0,4,0,p,"B3, C1","e.g3, fj.01, sk.01"
g,chr,B3 | Disturbance intensity / ecosystem age,3,0,1,2,0,2,2,1,0,1,0,2,0,2019,0,5,0,0,3,0,0,0,p2,NA,0,0,0,0,0,0,0,3,0,0,0,0,3,0,0,2,0,1,0,0,0,0,0,0,0,0,0,B1a,"MDir, NINA","fj.14, vs.04, vs.41d, vs.64",u,0,0,1,1,1,0,2,0,0,0,0,0,0,0,1,0,0,0,C1,,p,3,4,0,1,0,0,0,0,0,1,0,0,0,2,1,3,0,p,"B1a, C1","fj.14, vs.04, vs.41d, vs.64"
g,chr,B3 | Trophic balance,2,0,2,2,0,2,0,2,0,0,0,2,0,1907,0,10,0,0,0,2,0,0,p1,NA,0,0,0,0,0,0,2,0,0,0,0,0,2,0,0,2,0,0,0,0,0,0,0,0,0,0,0,"B1a, B2",NTNU,"vs.11, vs.71, vs.74",u,0,0,0,0,0,0,0,0,0,0,0,0,0,0,0,0,0,0,,,,2,2,0,0,0,0,0,0,0,0,0,0,0,0,0,2,0,,"B1a, B2","vs.11, vs.71, vs.74"
g,chr,C1 | Landscape connectivity & fragmentation,1,1,0,0,0,1,1,0,0,0,0,1,0,2021,0,0,0,0,0,0,0,0,px,NA,0,0,0,0,0,0,0,0,0,1,0,0,0,0,1,0,0,0,0,0,0,0,1,0,0,0,0,,Statens kartverk,"fj.11, vs.02",u,0,0,1,1,0,0,2,0,0,0,0,0,0,0,0,0,0,0,,,p,1,2,0,0,0,0,0,0,1,0,0,0,0,1,1,1,0,p,,"fj.11, vs.02"
g,chr,C1 | Landscape naturalness,1,1,1,1,1,3,0,0,1,1,0,0,0,1988,1988,5,5,0,1,0,0,0,p2,p2,0,0,0,0,0,0,0,1,0,0,0,0,0,0,1,1,0,0,0,0,0,0,0,0,0,0,0,,MDir,"fj.10, sk.13, vs.02",p,0,0,1,0,0,0,1,0,0,0,0,0,0,0,0,0,0,0,,,p,1,2,0,0,0,0,0,0,0,0,0,0,0,2,0,0,0,p,,"fj.10, sk.13, vs.02"
h,all,all,16,16,11,8,6,3,5,10,1,6,2,8,0,1988,1988,1,1,4,10,0,0,,g2,g3,0,1,2,0,0,0,0,11,0,2,0,3,7,3,2,8,1,1,1,0,0,1,1,0,0,1,2,"B1a, B3","MDir, NASA, NINA, Statens kartverk","fj.01, fj.02, fj.04, fj.07, fj.09, fj.10, fj.11, fj.12, fj.13, fj.14, fj.15, sk.01, sk.02, sk.03, sk.04, sk.12, sk.13, vs.02, vs.03, vs.04, vs.05, vs.06, vs.28, vs.29, vs.30, vs.41, vs.64",x,0,5,21,17,8,0,21,1,4,1,0,0,3,7,3,4,1,1,"A2, B1a, B2, B3, C1","e.h1, e.h2, e.h3, e.h4, e.h5",p,21,29,2,5,2,0,0,4,8,3,4,2,3,27,19,16,0,p,"A2, B1a, B2, B3, C1","e.h1, e.h2, e.h3, e.h4, e.h5, fj.01, fj.02, fj.04, fj.07, fj.09, fj.10, fj.11, fj.12, fj.13, fj.14, fj.15, sk.01, sk.02, sk.03, sk.04, sk.12, sk.13, vs.02, vs.03, vs.04, vs.05, vs.06, vs.28, vs.29, vs.30, vs.41, vs.64"
h,cls,A1,2,2,1,1,1,2,1,1,0,0,1,1,0,2019,2019,5,5,0,2,0,0,,p2,p2,0,0,0,0,0,0,0,2,0,0,0,0,2,0,0,1,0,0,0,0,0,0,0,0,0,0,1,B1a,MDir,"fj.15, sk.03, vs.30",x,0,2,1,5,3,0,4,0,1,1,0,0,2,0,0,0,1,0,"A2, C1","e.h1, e.h2",n,4,5,0,1,1,0,0,2,0,0,0,1,1,1,6,4,0,n,"A2, B1a, C1","e.h1, e.h2, fj.15, sk.03, vs.30"
h,cls,A2,2,2,2,1,1,2,0,2,0,0,0,2,0,2019,2019,5,5,0,2,0,0,,p2,p2,0,0,0,0,0,0,0,2,0,0,0,0,2,0,0,1,0,0,0,0,0,0,0,0,0,0,1,B1a,"MDir, NINA","fj.13, sk.02, vs.03, vs.41",u,0,2,3,4,0,0,5,0,0,0,0,0,0,2,0,0,0,0,A2,"e.h3, e.h4",p,4,6,0,0,0,0,0,0,2,0,0,0,1,3,4,2,0,p,"A2, B1a","e.h3, e.h4, fj.13, sk.02, vs.03, vs.41"
h,cls,B1a,4,4,1,3,1,2,3,1,0,3,0,1,0,1990,2019,1,5,2,2,0,0,,p2,p2,0,0,0,0,0,0,0,3,0,1,0,3,1,0,0,3,0,0,0,0,0,1,0,0,0,0,0,,"MDir, NINA","fj.02, fj.04, fj.07, fj.09, sk.04, vs.29",p,0,0,0,2,0,0,1,0,0,0,0,0,0,0,1,0,0,0,,,,4,4,0,0,0,0,0,1,0,1,0,0,0,3,2,1,0,p,,"fj.02, fj.04, fj.07, fj.09, sk.04, vs.29"
h,cls,B1b,1,1,1,0,0,2,0,1,0,1,0,0,0,1990,0,5,0,0,1,0,0,,p2,NA,0,0,0,0,0,0,0,1,0,0,0,0,0,0,0,0,1,0,0,0,0,0,0,0,0,0,0,,"MDir, NINA","fj.12, sk.12, vs.06",p,0,1,7,0,0,0,0,1,0,0,0,0,0,5,1,0,0,0,,e.h5,p,2,0,2,0,0,0,0,0,5,1,0,0,0,8,0,0,0,p,,"e.h5, fj.12, sk.12, vs.06"
h,cls,B2,3,3,2,1,1,2,1,2,0,0,1,2,0,2000,2000,1,1,2,0,0,0,,g2,g3,0,1,2,0,0,0,0,0,0,0,0,0,0,3,0,1,0,0,1,0,0,0,0,0,0,1,0,B3,"NASA, NINA","fj.01, sk.01, vs.05, vs.28",u,0,0,3,1,2,0,3,0,2,0,0,0,1,0,0,0,0,0,"B3, C1",,p,3,4,0,2,1,0,0,1,0,0,0,1,0,3,2,4,0,p,"B3, C1","fj.01, sk.01, vs.05, vs.28"
h,cls,B3,2,2,2,1,1,2,0,2,0,1,0,1,0,2019,2019,5,5,0,2,0,0,,p2,p2,0,0,0,0,0,0,0,2,0,0,0,0,2,0,0,1,0,1,0,0,0,0,0,0,0,0,0,B1a,"MDir, NINA","fj.14, vs.04, vs.64",x,0,0,3,2,2,0,3,0,1,0,0,0,0,0,1,2,0,0,"B1a, C1",,p,2,4,0,2,0,0,0,0,0,1,2,0,0,4,2,3,0,p,"B1a, C1","fj.14, vs.04, vs.64"
h,cls,C1,2,2,2,1,1,3,0,1,1,1,0,1,0,1988,1988,5,5,0,1,0,0,,p2,p2,0,0,0,0,0,0,0,1,0,1,0,0,0,0,2,1,0,0,0,0,0,0,1,0,0,0,0,,"MDir, Statens kartverk","fj.10, fj.11, sk.13, vs.02",x,0,0,4,1,0,0,5,0,0,0,0,0,0,0,0,0,0,0,B2,,p,2,6,0,0,0,0,0,0,1,0,0,0,0,5,1,1,0,p,B2,"fj.10, fj.11, sk.13, vs.02"
h,cls,X,0,0,0,0,0,0,0,0,0,0,0,0,0,0,0,0,0,0,0,0,0,,NA,NA,0,0,0,0,0,0,0,0,0,0,0,0,0,0,0,0,0,0,0,0,0,0,0,0,0,0,0,,,,,0,0,0,2,1,0,0,0,0,0,0,0,0,0,0,2,0,1,,,,0,0,0,0,0,0,0,0,0,0,2,0,1,0,2,1,0,,,
h,chr,A1 | Mean temperature,1,1,0,0,0,1,1,0,0,0,1,0,0,2019,0,5,0,0,1,0,0,0,p2,NA,0,0,0,0,0,0,0,1,0,0,0,0,1,0,0,0,0,0,0,0,0,0,0,0,0,0,1,B1a,MDir,fj.15,n,0,0,0,0,0,0,0,0,0,0,0,0,0,0,0,0,0,0,,,,1,0,0,0,0,0,0,0,0,0,0,0,1,0,1,0,0,,B1a,fj.15
h,chr,A1 | Water physical availability/permanence,1,1,1,1,1,2,0,1,0,0,0,1,0,2019,2019,5,5,0,1,0,0,0,p2,p2,0,0,0,0,0,0,0,1,0,0,0,0,1,0,0,1,0,0,0,0,0,0,0,0,0,0,0,B1a,MDir,"sk.03, vs.30",u,0,2,0,2,3,0,2,0,1,0,0,0,1,0,0,0,1,0,,"e.h1, e.h2",n,3,3,0,1,0,0,0,1,0,0,0,1,0,0,2,4,0,n,B1a,"e.h1, e.h2, sk.03, vs.30"
h,chr,A2 | Soil chemical quality,2,2,2,1,1,2,0,2,0,0,0,2,0,2019,2019,5,5,0,2,0,0,0,p2,p2,0,0,0,0,0,0,0,2,0,0,0,0,2,0,0,1,0,0,0,0,0,0,0,0,0,0,1,B1a,"MDir, NINA","fj.13, sk.02, vs.03, vs.41",u,0,0,0,1,0,0,0,0,0,0,0,0,0,1,0,0,0,0,,,,2,1,0,0,0,0,0,0,1,0,0,0,1,0,1,2,0,,B1a,"fj.13, sk.02, vs.03, vs.41"
h,chr,A2 | Water chemical quality: eutrophication,0,0,0,0,0,0,0,0,0,0,0,0,0,0,0,0,0,0,0,0,0,0,NA,NA,0,0,0,0,0,0,0,0,0,0,0,0,0,0,0,0,0,0,0,0,0,0,0,0,0,0,0,,,,,0,2,0,2,0,0,2,0,0,0,0,0,0,0,0,0,0,0,,"e.h3, e.h4",n,2,2,0,0,0,0,0,0,0,0,0,0,0,0,2,0,0,n,,"e.h3, e.h4"
h,chr,B1a | Birds abundance,1,1,0,1,0,1,1,0,0,1,0,0,0,2015,0,1,0,1,0,0,0,0,p2,NA,0,0,0,0,0,0,0,1,0,0,0,1,0,0,0,1,0,0,0,0,0,0,0,0,0,0,0,,NINA,fj.04,p,0,0,0,0,0,0,0,0,0,0,0,0,0,0,0,0,0,0,,,,1,1,0,0,0,0,0,0,0,0,0,0,0,1,0,0,0,p,,fj.04
h,chr,B1a | Invasive species abundance,1,1,1,1,1,2,0,1,0,1,0,0,0,2019,2019,5,5,0,1,0,0,0,p2,p2,0,0,0,0,0,0,0,1,0,0,0,0,1,0,0,1,0,0,0,0,0,0,0,0,0,0,0,,MDir,"fj.09, sk.04, vs.29",p,0,0,0,2,0,0,1,0,0,0,0,0,0,0,1,0,0,0,,,,1,2,0,0,0,0,0,0,0,1,0,0,0,1,2,0,0,p,,"fj.09, sk.04, vs.29"
h,chr,B1a | Mammals abundance,2,2,0,1,0,1,2,0,0,1,0,1,0,1990,0,1,0,1,1,0,0,0,p2,NA,0,0,0,0,0,0,0,1,0,1,0,2,0,0,0,1,0,0,0,0,0,1,0,0,0,0,0,,"MDir, NINA","fj.02, fj.07",x,0,0,0,0,0,0,0,0,0,0,0,0,0,0,0,0,0,0,,,,2,1,0,0,0,0,0,1,0,0,0,0,0,1,0,1,0,p,,"fj.02, fj.07"
h,chr,B1b | Birds diversity,0,0,0,0,0,0,0,0,0,0,0,0,0,0,0,0,0,0,0,0,0,0,,,0,0,0,0,0,0,0,0,0,0,0,0,0,0,0,0,0,0,0,0,0,0,0,0,0,0,0,,,,,0,1,3,0,0,0,0,0,0,0,0,0,0,2,1,0,0,0,,e.h5,p,1,0,0,0,0,0,0,0,2,1,0,0,0,3,0,0,0,p,,e.h5
h,chr,B1b | Overall compositional status,1,1,1,0,0,2,0,1,0,1,0,0,0,1990,0,5,0,0,1,0,0,0,p2,NA,0,0,0,0,0,0,0,1,0,0,0,0,0,0,0,0,1,0,0,0,0,0,0,0,0,0,0,,"MDir, NINA","fj.12, sk.12, vs.06",p,0,0,2,0,0,0,0,1,0,0,0,0,0,1,0,0,0,0,,,p,1,0,2,0,0,0,0,0,1,0,0,0,0,3,0,0,0,p,,"fj.12, sk.12, vs.06"
h,chr,B2 | Total vegetation cover,2,2,1,1,1,2,1,1,0,0,0,2,0,2000,2000,1,1,2,0,0,0,0,g3,g3,0,0,2,0,0,0,0,0,0,0,0,0,0,2,0,1,0,0,0,0,0,0,0,0,0,1,0,B3,NASA,"fj.01, sk.01",u,0,0,1,0,2,0,1,0,1,0,0,0,1,0,0,0,0,0,"B3, C1",,p,2,2,0,1,0,0,0,1,0,0,0,1,0,1,0,4,0,p,"B3, C1","fj.01, sk.01"
h,chr,B2 | Tree & shrub layer cover,1,1,1,0,0,2,0,1,0,0,1,0,0,2010,0,0,0,0,0,0,0,0,g2,NA,0,1,0,0,0,0,0,0,0,0,0,0,0,1,0,0,0,0,1,0,0,0,0,0,0,0,0,,NINA,"vs.05, vs.28",n,0,0,1,0,0,0,1,0,0,0,0,0,0,0,0,0,0,0,,,p,1,1,0,0,1,0,0,0,0,0,0,0,0,1,1,0,0,p,,"vs.05, vs.28"
h,chr,B3 | Disturbance intensity / ecosystem age,2,2,2,1,1,2,0,2,0,1,0,1,0,2019,2019,5,5,0,2,0,0,0,p2,p2,0,0,0,0,0,0,0,2,0,0,0,0,2,0,0,1,0,1,0,0,0,0,0,0,0,0,0,B1a,"MDir, NINA","fj.14, vs.04, vs.64",x,0,0,1,1,1,0,2,0,0,0,0,0,0,0,1,0,0,0,C1,,p,2,3,0,1,0,0,0,0,0,1,0,0,0,2,1,2,0,p,"B1a, C1","fj.14, vs.04, vs.64"
h,chr,C1 | Landscape connectivity & fragmentation,1,1,1,0,0,2,0,1,0,0,0,1,0,2021,0,0,0,0,0,0,0,0,px,NA,0,0,0,0,0,0,0,0,0,1,0,0,0,0,1,0,0,0,0,0,0,0,1,0,0,0,0,,Statens kartverk,"fj.11, vs.02",u,0,0,1,1,0,0,2,0,0,0,0,0,0,0,0,0,0,0,,,p,1,2,0,0,0,0,0,0,1,0,0,0,0,1,1,1,0,p,,"fj.11, vs.02"
h,chr,C1 | Landscape naturalness,1,1,1,1,1,3,0,0,1,1,0,0,0,1988,1988,5,5,0,1,0,0,0,p2,p2,0,0,0,0,0,0,0,1,0,0,0,0,0,0,1,1,0,0,0,0,0,0,0,0,0,0,0,,MDir,"fj.10, sk.13, vs.02",p,0,0,1,0,0,0,1,0,0,0,0,0,0,0,0,0,0,0,,,p,1,2,0,0,0,0,0,0,0,0,0,0,0,2,0,0,0,p,,"fj.10, sk.13, vs.02"
j,all,all,23,23,22,19,18,2,1,22,0,10,10,0,0,1988,0,1,1,22,1,0,0,,p2,pp,0,0,0,0,0,0,0,1,20,0,2,0,22,0,1,19,1,0,0,0,1,0,0,0,0,2,0,"B1a, B3","MDir, NINA, NIVA, Vann-nett, Vannmiljø","AIP, ANC, ASPT, Cpue_juveniles, EMANTLLE, FIBESTE, HBI2, LAL, N-NH3, N-TOT, NEFI, O2, P-TOT, PH, PIT, QMIN, RAMI, Raddum-2, barriereeffekt, fj.10, fragmenteringsgrad, overall chemical status, overall ecol status, sk.13, vs.02",x,0,9,21,17,8,0,21,1,4,1,0,0,3,7,3,4,1,1,"A2, B1a, B2, B3, C1","e.j1, e.j2, e.j3, e.j4, e.j5, e.j6, e.j7, e.j8, e.j9",p,32,40,2,4,1,0,1,3,7,3,4,3,1,31,27,8,0,p,"A2, B1a, B2, B3, C1","AIP, ANC, ASPT, Cpue_juveniles, EMANTLLE, FIBESTE, HBI2, LAL, N-NH3, N-TOT, NEFI, O2, P-TOT, PH, PIT, QMIN, RAMI, Raddum-2, barriereeffekt, e.j1, e.j2, e.j3, e.j4, e.j5, e.j6, e.j7, e.j8, e.j9, fj.10, fragmenteringsgrad, overall chemical status, overall ecol status, sk.13, vs.02"
j,cls,A1,1,1,1,0,0,2,0,1,0,1,0,0,0,0,0,1,0,1,0,0,0,,pp,NA,0,0,0,0,0,0,0,0,1,0,0,0,1,0,0,0,0,0,0,0,1,0,0,0,0,0,0,B3,Vannmiljø,QMIN,p,0,1,1,5,3,0,4,0,1,1,0,0,2,0,0,0,1,0,"A2, C1",e.j1,p,2,4,0,1,1,0,1,2,0,0,0,1,0,2,5,3,0,p,"A2, B3, C1","QMIN, e.j1"
j,cls,A2,14,14,14,14,14,2,0,14,0,6,7,0,0,0,0,1,1,14,0,0,0,,pp,pp,0,0,0,0,0,0,0,0,13,0,1,0,14,0,0,14,0,0,0,0,0,0,0,0,0,0,0,B1a,"NIVA, Vann-nett, Vannmiljø","AIP, ANC, ASPT, HBI2, LAL, N-NH3, N-TOT, O2, P-TOT, PH, PIT, RAMI, Raddum-2, overall chemical status",x,0,3,3,4,0,0,5,0,0,0,0,0,0,2,0,0,0,0,A2,"e.j3, e.j4, e.j6",p,17,19,0,0,0,0,0,0,2,0,0,0,0,9,11,0,0,p,"A2, B1a","AIP, ANC, ASPT, HBI2, LAL, N-NH3, N-TOT, O2, P-TOT, PH, PIT, RAMI, Raddum-2, e.j3, e.j4, e.j6, overall chemical status"
j,cls,B1a,2,2,2,2,2,2,0,2,0,1,0,0,0,0,0,1,1,2,0,0,0,,pp,pp,0,0,0,0,0,0,0,0,2,0,0,0,2,0,0,2,0,0,0,0,0,0,0,0,0,0,0,,"NINA, Vannmiljø","Cpue_juveniles, EMANTLLE",x,0,0,0,2,0,0,1,0,0,0,0,0,0,0,1,0,0,0,,,,2,3,0,0,0,0,0,0,0,1,0,0,0,1,2,0,0,p,,"Cpue_juveniles, EMANTLLE"
j,cls,B1b,2,2,2,0,0,2,0,2,0,1,1,0,0,0,0,1,0,2,0,0,0,,pp,NA,0,0,0,0,0,0,0,0,2,0,0,0,2,0,0,0,0,0,0,0,0,0,0,0,0,2,0,,"NINA, Vannmiljø","FIBESTE, NEFI",x,0,2,7,0,0,0,0,1,0,0,0,0,0,5,1,0,0,0,,"e.j8, e.j9",p,4,0,1,0,0,0,0,0,5,1,0,2,0,8,1,0,0,p,,"FIBESTE, NEFI, e.j8, e.j9"
j,cls,B2,0,0,0,0,0,0,0,0,0,0,0,0,0,0,0,0,0,0,0,0,0,,NA,NA,0,0,0,0,0,0,0,0,0,0,0,0,0,0,0,0,0,0,0,0,0,0,0,0,0,0,0,,,,,0,1,3,1,2,0,3,0,2,0,0,0,1,0,0,0,0,0,"B3, C1",e.j5,p,1,3,0,2,0,0,0,1,0,0,0,0,0,3,1,2,0,p,"B3, C1",e.j5
j,cls,B3,0,0,0,0,0,0,0,0,0,0,0,0,0,0,0,0,0,0,0,0,0,,NA,NA,0,0,0,0,0,0,0,0,0,0,0,0,0,0,0,0,0,0,0,0,0,0,0,0,0,0,0,,,,,0,0,3,2,2,0,3,0,1,0,0,0,0,0,1,2,0,0,"B1a, C1",,p,0,3,0,1,0,0,0,0,0,1,2,0,0,3,2,2,0,p,"B1a, C1",
j,cls,C1,3,3,2,3,2,2,1,2,0,1,2,0,0,1988,0,1,1,2,1,0,0,,p2,pp,0,0,0,0,0,0,0,1,2,0,0,0,2,0,1,3,0,0,0,0,0,0,0,0,0,0,0,,"MDir, Vannmiljø","barriereeffekt, fj.10, fragmenteringsgrad, sk.13, vs.02",n,0,1,4,1,0,0,5,0,0,0,0,0,0,0,0,0,0,0,B2,e.j7,p,4,8,0,0,0,0,0,0,0,0,0,0,0,5,3,0,0,p,B2,"barriereeffekt, e.j7, fj.10, fragmenteringsgrad, sk.13, vs.02"
j,cls,X,1,1,1,0,0,2,0,1,0,0,0,0,0,0,0,1,0,1,0,0,0,,NA,NA,0,0,0,0,0,0,0,0,0,0,1,0,1,0,0,0,1,0,0,0,0,0,0,0,0,0,0,,Vann-nett,overall ecol status,x,0,1,0,2,1,0,0,0,0,0,0,0,0,0,0,2,0,1,,e.j2,n,2,0,1,0,0,0,0,0,0,0,2,0,1,0,2,1,0,n,,"e.j2, overall ecol status"
j,chr,A1 | Water physical availability/permanence,1,1,1,0,0,2,0,1,0,1,0,0,0,0,0,1,0,1,0,0,0,0,pp,NA,0,0,0,0,0,0,0,0,1,0,0,0,1,0,0,0,0,0,0,0,1,0,0,0,0,0,0,B3,Vannmiljø,QMIN,p,0,1,0,2,3,0,2,0,1,0,0,0,1,0,0,0,1,0,,e.j1,n,2,2,0,1,0,0,1,1,0,0,0,1,0,1,2,3,0,p,B3,"QMIN, e.j1"
j,chr,A2 | Water chemical quality: acidification,6,6,6,6,6,2,0,6,0,4,2,0,0,0,0,1,1,6,0,0,0,0,pp,pp,0,0,0,0,0,0,0,0,6,0,0,0,6,0,0,6,0,0,0,0,0,0,0,0,0,0,0,B1a,"NIVA, Vannmiljø","AIP, ANC, LAL, PH, RAMI, Raddum-2",p,0,0,1,0,0,0,1,0,0,0,0,0,0,0,0,0,0,0,,,p,6,7,0,0,0,0,0,0,0,0,0,0,0,5,2,0,0,p,B1a,"AIP, ANC, LAL, PH, RAMI, Raddum-2"
j,chr,A2 | Water chemical quality: eutrophication,7,7,7,7,7,2,0,7,0,2,5,0,0,0,0,1,1,7,0,0,0,0,pp,pp,0,0,0,0,0,0,0,0,7,0,0,0,7,0,0,7,0,0,0,0,0,0,0,0,0,0,0,B1a,"NIVA, Vannmiljø","ASPT, HBI2, N-NH3, N-TOT, O2, P-TOT, PIT",n,0,2,0,2,0,0,2,0,0,0,0,0,0,0,0,0,0,0,,"e.j3, e.j4",n,9,9,0,0,0,0,0,0,0,0,0,0,0,2,7,0,0,p,B1a,"ASPT, HBI2, N-NH3, N-TOT, O2, P-TOT, PIT, e.j3, e.j4"
j,chr,A2 | Water chemical quality: other pollutants,1,1,1,1,1,2,0,1,0,0,0,0,0,0,0,1,1,1,0,0,0,0,NA,NA,0,0,0,0,0,0,0,0,0,0,1,0,1,0,0,1,0,0,0,0,0,0,0,0,0,0,0,,Vann-nett,overall chemical status,x,0,1,1,0,0,0,0,0,0,0,0,0,0,1,0,0,0,0,A2,e.j6,p,2,1,0,0,0,0,0,0,1,0,0,0,0,1,0,0,0,p,A2,"e.j6, overall chemical status"
j,chr,B1a B1b | Fish++ abundance,4,4,4,2,2,2,0,4,0,2,1,0,0,0,0,1,1,4,0,0,0,0,pp,pp,0,0,0,0,0,0,0,0,4,0,0,0,4,0,0,2,0,0,0,0,0,0,0,0,0,2,0,,"NINA, Vannmiljø","Cpue_juveniles, EMANTLLE, FIBESTE, NEFI",x,0,0,0,0,0,0,0,0,0,0,0,0,0,0,0,0,0,0,,,,4,2,0,0,0,0,0,0,0,0,0,2,0,2,1,0,0,p,,"Cpue_juveniles, EMANTLLE, FIBESTE, NEFI"
j,chr,B1b | Fish diversity,0,0,0,0,0,0,0,0,0,0,0,0,0,0,0,0,0,0,0,0,0,0,,,0,0,0,0,0,0,0,0,0,0,0,0,0,0,0,0,0,0,0,0,0,0,0,0,0,0,0,,,,,0,1,1,0,0,0,0,0,0,0,0,0,0,1,0,0,0,0,,e.j8,p,1,0,0,0,0,0,0,0,1,0,0,0,0,1,0,0,0,p,,e.j8
j,chr,B1b | Overall compositional status,0,0,0,0,0,0,0,0,0,0,0,0,0,0,0,0,0,0,0,0,0,0,NA,NA,0,0,0,0,0,0,0,0,0,0,0,0,0,0,0,0,0,0,0,0,0,0,0,0,0,0,0,,,,,0,1,2,0,0,0,0,1,0,0,0,0,0,1,0,0,0,0,,e.j9,p,1,0,1,0,0,0,0,0,1,0,0,0,0,2,0,0,0,p,,e.j9
j,chr,B2 | Phytoplankton density,0,0,0,0,0,0,0,0,0,0,0,0,0,0,0,0,0,0,0,0,0,0,NA,NA,0,0,0,0,0,0,0,0,0,0,0,0,0,0,0,0,0,0,0,0,0,0,0,0,0,0,0,,,,,0,1,0,1,0,0,0,0,1,0,0,0,0,0,0,0,0,0,B3,e.j5,n,1,0,0,1,0,0,0,0,0,0,0,0,0,0,1,0,0,n,B3,e.j5
j,chr,C1 | Landscape connectivity & fragmentation,2,2,2,2,2,2,0,2,0,0,2,0,0,0,0,1,1,2,0,0,0,0,pp,pp,0,0,0,0,0,0,0,0,2,0,0,0,2,0,0,2,0,0,0,0,0,0,0,0,0,0,0,,Vannmiljø,"barriereeffekt, fragmenteringsgrad",n,0,1,1,1,0,0,2,0,0,0,0,0,0,0,0,0,0,0,,e.j7,p,3,4,0,0,0,0,0,0,0,0,0,0,0,1,3,0,0,p,,"barriereeffekt, e.j7, fragmenteringsgrad"
j,chr,C1 | Landscape naturalness,1,1,0,1,0,1,1,0,0,1,0,0,0,1988,0,5,0,0,1,0,0,0,p2,NA,0,0,0,0,0,0,0,1,0,0,0,0,0,0,1,1,0,0,0,0,0,0,0,0,0,0,0,,MDir,"fj.10, sk.13, vs.02",p,0,0,1,0,0,0,1,0,0,0,0,0,0,0,0,0,0,0,,,p,1,2,0,0,0,0,0,0,0,0,0,0,0,2,0,0,0,p,,"fj.10, sk.13, vs.02"
j,chr,X | unclear / excluded,1,1,1,0,0,2,0,1,0,0,0,0,0,0,0,1,0,1,0,0,0,0,NA,NA,0,0,0,0,0,0,0,0,0,0,1,0,1,0,0,0,1,0,0,0,0,0,0,0,0,0,0,,Vann-nett,overall ecol status,x,0,1,0,1,1,0,0,0,0,0,0,0,0,0,0,2,0,0,,e.j2,n,2,0,1,0,0,0,0,0,0,0,2,0,0,0,1,1,0,n,,"e.j2, overall ecol status"
k,all,all,31,31,30,24,23,2,1,30,0,18,11,0,0,1988,0,1,1,30,1,0,0,,p2,pp,0,0,0,0,0,0,0,1,28,0,2,0,30,0,1,24,4,1,0,0,0,0,0,0,0,2,0,"A2, B1a, B2, B3","MDir, NINA, NIVA, Vann-nett, Vannmiljø","AIndexW5, ANC, Cpue_BrownTrout, Cyanomax, EIndexW3, FIBESTE, HR2XSD, KLFA, LACI-1, LACI-2, LAL, LAMI, MultiClear, N-NH3, N-TOT, NEFI, O2, P-TOT, PH, PPBIOMTOVO, PTI, Raddum-1, SECCI, SIc, TIc, VANNSTVAR, WIc, WS-FBI, fj.10, overall chemical status, overall ecol status, sk.13, vs.02",x,0,6,21,17,8,0,21,1,4,1,0,0,3,7,3,4,1,1,"A2, B1a, B2, B3, C1","e.k1, e.k2, e.k3, e.k4, e.k5, e.k6",p,37,45,5,5,1,0,0,3,7,3,4,3,1,39,28,8,0,p,"A2, B1a, B2, B3, C1","AIndexW5, ANC, Cpue_BrownTrout, Cyanomax, EIndexW3, FIBESTE, HR2XSD, KLFA, LACI-1, LACI-2, LAL, LAMI, MultiClear, N-NH3, N-TOT, NEFI, O2, P-TOT, PH, PPBIOMTOVO, PTI, Raddum-1, SECCI, SIc, TIc, VANNSTVAR, WIc, WS-FBI, e.k1, e.k2, e.k3, e.k4, e.k5, e.k6, fj.10, overall chemical status, overall ecol status, sk.13, vs.02"
k,cls,A1,4,4,4,3,3,2,0,4,0,2,2,0,0,0,0,1,1,4,0,0,0,,pp,pp,0,0,0,0,0,0,0,0,4,0,0,0,4,0,0,3,0,1,0,0,0,0,0,0,0,0,0,"A2, B1a, B3","NIVA, Vannmiljø","HR2XSD, SECCI, VANNSTVAR, WIc",x,0,0,1,5,3,0,4,0,1,1,0,0,2,0,0,0,1,0,"A2, C1",,p,4,7,0,2,1,0,0,2,0,0,0,1,0,3,7,3,0,p,"A2, B1a, B3, C1","HR2XSD, SECCI, VANNSTVAR, WIc"
k,cls,A2,18,18,18,15,15,2,0,18,0,12,5,0,0,0,0,1,1,18,0,0,0,,pp,pp,0,0,0,0,0,0,0,0,17,0,1,0,18,0,0,15,3,0,0,0,0,0,0,0,0,0,0,B1a,"NINA, NIVA, Vann-nett, Vannmiljø","AIndexW5, ANC, EIndexW3, LACI-1, LACI-2, LAL, LAMI, MultiClear, N-NH3, N-TOT, O2, P-TOT, PH, PTI, Raddum-1, SIc, TIc, overall chemical status",p,0,3,3,4,0,0,5,0,0,0,0,0,0,2,0,0,0,0,A2,"e.k1, e.k2, e.k3",p,21,20,3,0,0,0,0,0,2,0,0,0,0,15,9,0,0,p,"A2, B1a","AIndexW5, ANC, EIndexW3, LACI-1, LACI-2, LAL, LAMI, MultiClear, N-NH3, N-TOT, O2, P-TOT, PH, PTI, Raddum-1, SIc, TIc, e.k1, e.k2, e.k3, overall chemical status"
k,cls,B1a,2,2,2,2,2,2,0,2,0,2,0,0,0,0,0,1,1,2,0,0,0,,pp,pp,0,0,0,0,0,0,0,0,2,0,0,0,2,0,0,2,0,0,0,0,0,0,0,0,0,0,0,,"NINA, Vannmiljø","Cpue_BrownTrout, WS-FBI",p,0,0,0,2,0,0,1,0,0,0,0,0,0,0,1,0,0,0,,,,2,3,0,0,0,0,0,0,0,1,0,0,0,2,2,0,0,p,,"Cpue_BrownTrout, WS-FBI"
k,cls,B1b,2,2,2,0,0,2,0,2,0,1,1,0,0,0,0,1,0,2,0,0,0,,pp,NA,0,0,0,0,0,0,0,0,2,0,0,0,2,0,0,0,0,0,0,0,0,0,0,0,0,2,0,,"NINA, Vannmiljø","FIBESTE, NEFI",x,0,2,7,0,0,0,0,1,0,0,0,0,0,5,1,0,0,0,,"e.k5, e.k6",p,4,0,1,0,0,0,0,0,5,1,0,2,0,8,1,0,0,p,,"FIBESTE, NEFI, e.k5, e.k6"
k,cls,B2,2,2,2,2,2,2,0,2,0,0,2,0,0,0,0,1,1,2,0,0,0,,pp,pp,0,0,0,0,0,0,0,0,2,0,0,0,2,0,0,2,0,0,0,0,0,0,0,0,0,0,0,"B1a, B3","NIVA, Vannmiljø","KLFA, PPBIOMTOVO",n,0,1,3,1,2,0,3,0,2,0,0,0,1,0,0,0,0,0,"B3, C1",e.k4,p,3,5,0,2,0,0,0,1,0,0,0,0,0,3,3,2,0,p,"B1a, B3, C1","KLFA, PPBIOMTOVO, e.k4"
k,cls,B3,1,1,1,1,1,2,0,1,0,0,1,0,0,0,0,1,1,1,0,0,0,,pp,pp,0,0,0,0,0,0,0,0,1,0,0,0,1,0,0,1,0,0,0,0,0,0,0,0,0,0,0,"B1a, B2","NIVA, Vannmiljø",Cyanomax,n,0,0,3,2,2,0,3,0,1,0,0,0,0,0,1,2,0,0,"B1a, C1",,p,1,4,0,1,0,0,0,0,0,1,2,0,0,3,3,2,0,p,"B1a, B2, C1",Cyanomax
k,cls,C1,1,1,0,1,0,1,1,0,0,1,0,0,0,1988,0,5,0,0,1,0,0,,p2,NA,0,0,0,0,0,0,0,1,0,0,0,0,0,0,1,1,0,0,0,0,0,0,0,0,0,0,0,,MDir,"fj.10, sk.13, vs.02",p,0,0,4,1,0,0,5,0,0,0,0,0,0,0,0,0,0,0,B2,,p,1,6,0,0,0,0,0,0,0,0,0,0,0,5,1,0,0,p,B2,"fj.10, sk.13, vs.02"
k,cls,X,1,1,1,0,0,2,0,1,0,0,0,0,0,0,0,1,0,1,0,0,0,,NA,NA,0,0,0,0,0,0,0,0,0,0,1,0,1,0,0,0,1,0,0,0,0,0,0,0,0,0,0,,Vann-nett,overall ecol status,x,0,0,0,2,1,0,0,0,0,0,0,0,0,0,0,2,0,1,,,,1,0,1,0,0,0,0,0,0,0,2,0,1,0,2,1,0,,,overall ecol status
k,chr,A1 | Water physical availability/permanence,3,3,3,2,2,2,0,3,0,1,2,0,0,0,0,1,1,3,0,0,0,0,pp,pp,0,0,0,0,0,0,0,0,3,0,0,0,3,0,0,2,0,1,0,0,0,0,0,0,0,0,0,"B1a, B3","NIVA, Vannmiljø","HR2XSD, VANNSTVAR, WIc",n,0,0,0,2,3,0,2,0,1,0,0,0,1,0,0,0,1,0,,,,3,4,0,2,0,0,0,1,0,0,0,1,0,1,4,3,0,p,"B1a, B3","HR2XSD, VANNSTVAR, WIc"
k,chr,A1 | Water physical quality,1,1,1,1,1,2,0,1,0,1,0,0,0,0,0,1,1,1,0,0,0,0,pp,pp,0,0,0,0,0,0,0,0,1,0,0,0,1,0,0,1,0,0,0,0,0,0,0,0,0,0,0,"A2, B3",Vannmiljø,SECCI,p,0,0,0,1,0,0,1,0,0,0,0,0,0,0,0,0,0,0,A2,,,1,2,0,0,0,0,0,0,0,0,0,0,0,1,1,0,0,p,"A2, B3",SECCI
k,chr,A2 | Water chemical quality: acidification,10,10,10,8,8,2,0,10,0,9,1,0,0,0,0,1,1,10,0,0,0,0,pp,pp,0,0,0,0,0,0,0,0,10,0,0,0,10,0,0,8,2,0,0,0,0,0,0,0,0,0,0,B1a,"NINA, NIVA, Vannmiljø","AIndexW5, ANC, LACI-1, LACI-2, LAL, LAMI, MultiClear, PH, Raddum-1, SIc",p,0,0,1,0,0,0,1,0,0,0,0,0,0,0,0,0,0,0,,,p,10,9,2,0,0,0,0,0,0,0,0,0,0,10,1,0,0,p,B1a,"AIndexW5, ANC, LACI-1, LACI-2, LAL, LAMI, MultiClear, PH, Raddum-1, SIc"
k,chr,A2 | Water chemical quality: eutrophication,7,7,7,6,6,2,0,7,0,3,4,0,0,0,0,1,1,7,0,0,0,0,pp,pp,0,0,0,0,0,0,0,0,7,0,0,0,7,0,0,6,1,0,0,0,0,0,0,0,0,0,0,B1a,"NINA, NIVA, Vannmiljø","EIndexW3, N-NH3, N-TOT, O2, P-TOT, PTI, TIc",x,0,2,0,2,0,0,2,0,0,0,0,0,0,0,0,0,0,0,,"e.k1, e.k2",n,9,8,1,0,0,0,0,0,0,0,0,0,0,3,6,0,0,p,B1a,"EIndexW3, N-NH3, N-TOT, O2, P-TOT, PTI, TIc, e.k1, e.k2"
k,chr,A2 | Water chemical quality: other pollutants,1,1,1,1,1,2,0,1,0,0,0,0,0,0,0,1,1,1,0,0,0,0,NA,NA,0,0,0,0,0,0,0,0,0,0,1,0,1,0,0,1,0,0,0,0,0,0,0,0,0,0,0,,Vann-nett,overall chemical status,x,0,1,1,0,0,0,0,0,0,0,0,0,0,1,0,0,0,0,A2,e.k3,p,2,1,0,0,0,0,0,0,1,0,0,0,0,1,0,0,0,p,A2,"e.k3, overall chemical status"
k,chr,B1a B1b | Fish++ abundance,4,4,4,2,2,2,0,4,0,3,1,0,0,0,0,1,1,4,0,0,0,0,pp,pp,0,0,0,0,0,0,0,0,4,0,0,0,4,0,0,2,0,0,0,0,0,0,0,0,0,2,0,,"NINA, Vannmiljø","Cpue_BrownTrout, FIBESTE, NEFI, WS-FBI",p,0,0,0,0,0,0,0,0,0,0,0,0,0,0,0,0,0,0,,,,4,2,0,0,0,0,0,0,0,0,0,2,0,3,1,0,0,p,,"Cpue_BrownTrout, FIBESTE, NEFI, WS-FBI"
k,chr,B1b | Fish diversity,0,0,0,0,0,0,0,0,0,0,0,0,0,0,0,0,0,0,0,0,0,0,,,0,0,0,0,0,0,0,0,0,0,0,0,0,0,0,0,0,0,0,0,0,0,0,0,0,0,0,,,,,0,1,1,0,0,0,0,0,0,0,0,0,0,1,0,0,0,0,,e.k5,p,1,0,0,0,0,0,0,0,1,0,0,0,0,1,0,0,0,p,,e.k5
k,chr,B1b | Overall compositional status,0,0,0,0,0,0,0,0,0,0,0,0,0,0,0,0,0,0,0,0,0,0,NA,NA,0,0,0,0,0,0,0,0,0,0,0,0,0,0,0,0,0,0,0,0,0,0,0,0,0,0,0,,,,,0,1,2,0,0,0,0,1,0,0,0,0,0,1,0,0,0,0,,e.k6,p,1,0,1,0,0,0,0,0,1,0,0,0,0,2,0,0,0,p,,e.k6
k,chr,B2 | Phytoplankton density,2,2,2,2,2,2,0,2,0,0,2,0,0,0,0,1,1,2,0,0,0,0,pp,pp,0,0,0,0,0,0,0,0,2,0,0,0,2,0,0,2,0,0,0,0,0,0,0,0,0,0,0,"B1a, B3","NIVA, Vannmiljø","KLFA, PPBIOMTOVO",n,0,1,0,1,0,0,0,0,1,0,0,0,0,0,0,0,0,0,B3,e.k4,n,3,2,0,1,0,0,0,0,0,0,0,0,0,0,3,0,0,n,"B1a, B3","KLFA, PPBIOMTOVO, e.k4"
k,chr,B3 | Functions underlying key ES,1,1,1,1,1,2,0,1,0,0,1,0,0,0,0,1,1,1,0,0,0,0,pp,pp,0,0,0,0,0,0,0,0,1,0,0,0,1,0,0,1,0,0,0,0,0,0,0,0,0,0,0,"B1a, B2","NIVA, Vannmiljø",Cyanomax,n,0,0,2,1,0,0,1,0,0,0,0,0,0,0,0,2,0,0,B1a,,p,1,2,0,0,0,0,0,0,0,0,2,0,0,2,2,0,0,p,"B1a, B2",Cyanomax
k,chr,C1 | Landscape naturalness,1,1,0,1,0,1,1,0,0,1,0,0,0,1988,0,5,0,0,1,0,0,0,p2,NA,0,0,0,0,0,0,0,1,0,0,0,0,0,0,1,1,0,0,0,0,0,0,0,0,0,0,0,,MDir,"fj.10, sk.13, vs.02",p,0,0,1,0,0,0,1,0,0,0,0,0,0,0,0,0,0,0,,,p,1,2,0,0,0,0,0,0,0,0,0,0,0,2,0,0,0,p,,"fj.10, sk.13, vs.02"
k,chr,X | unclear / excluded,1,1,1,0,0,2,0,1,0,0,0,0,0,0,0,1,0,1,0,0,0,0,NA,NA,0,0,0,0,0,0,0,0,0,0,1,0,1,0,0,0,1,0,0,0,0,0,0,0,0,0,0,,Vann-nett,overall ecol status,x,0,0,0,1,1,0,0,0,0,0,0,0,0,0,0,2,0,0,,,,1,0,1,0,0,0,0,0,0,0,2,0,0,0,1,1,0,,,overall ecol status
i,all,all,23,2,10,15,1,3,13,9,1,11,1,11,0,1907,2000,1,1,7,13,2,0,,g3,g3,0,0,2,0,0,0,3,17,0,1,0,5,13,2,2,15,1,1,0,0,0,2,1,0,0,1,2,"B1a, B2, B3","MDir, NASA, NINA, NTNU, Statens kartverk","fj.01, fj.03, fj.05, fj.06, fj.07, fj.08, fj.09, fj.10, fj.11, fj.12, fj.13, fj.14, fj.15, sk.01, sk.02, sk.03, sk.04, sk.12, sk.13, vs.02, vs.03, vs.04, vs.06, vs.11, vs.16, vs.17, vs.29, vs.30, vs.37, vs.38, vs.41, vs.41b, vs.41d, vs.64, vs.71, vs.74",x,1,3,21,17,8,0,21,1,4,1,0,0,3,7,3,4,1,1,"A2, B1a, B2, B3, C1","!e.i1, e.i1, e.i2, e.i3",p,27,36,2,5,1,0,0,5,8,3,4,2,3,32,18,19,0,p,"A2, B1a, B2, B3, C1","!e.i1, e.i1, e.i2, e.i3, fj.01, fj.03, fj.05, fj.06, fj.07, fj.08, fj.09, fj.10, fj.11, fj.12, fj.13, fj.14, fj.15, sk.01, sk.02, sk.03, sk.04, sk.12, sk.13, vs.02, vs.03, vs.04, vs.06, vs.11, vs.16, vs.17, vs.29, vs.30, vs.37, vs.38, vs.41, vs.41b, vs.41d, vs.64, vs.71, vs.74"
i,cls,A1,2,0,1,1,0,2,1,1,0,0,1,1,0,2019,0,5,0,0,2,0,0,,p2,NA,0,0,0,0,0,0,0,2,0,0,0,0,2,0,0,1,0,0,0,0,0,0,0,0,0,0,1,B1a,MDir,"fj.15, sk.03, vs.30",x,1,1,1,5,3,0,4,0,1,1,0,0,2,0,0,0,1,0,"A2, C1","!e.i1, e.i1",n,4,5,0,1,1,0,0,2,0,0,0,1,1,1,6,4,0,n,"A2, B1a, C1","!e.i1, e.i1, fj.15, sk.03, vs.30"
i,cls,A2,3,0,0,2,0,1,3,0,0,0,0,3,0,2019,0,5,0,0,3,0,0,,p2,NA,0,0,0,0,0,0,0,3,0,0,0,0,3,0,0,2,0,0,0,0,0,0,0,0,0,0,1,B1a,"MDir, NINA","fj.13, sk.02, vs.03, vs.41, vs.41b",u,0,0,3,4,0,0,5,0,0,0,0,0,0,2,0,0,0,0,A2,,p,3,7,0,0,0,0,0,0,2,0,0,0,1,3,4,3,0,p,"A2, B1a","fj.13, sk.02, vs.03, vs.41, vs.41b"
i,cls,B1a,6,0,4,6,0,2,2,4,0,6,0,0,0,1990,0,1,0,3,3,0,0,,p1,NA,0,0,0,0,0,0,1,5,0,0,0,5,1,0,0,6,0,0,0,0,0,0,0,0,0,0,0,B3,"MDir, NINA","fj.03, fj.05, fj.06, fj.07, fj.08, fj.09, sk.04, vs.29",p,0,0,0,2,0,0,1,0,0,0,0,0,0,0,1,0,0,0,,,,6,7,0,0,0,0,0,0,0,1,0,0,0,6,2,0,0,p,B3,"fj.03, fj.05, fj.06, fj.07, fj.08, fj.09, sk.04, vs.29"
i,cls,B1b,3,0,0,0,0,1,3,0,0,3,0,0,0,1990,0,1,0,2,1,0,0,,p2,NA,0,0,0,0,0,0,0,3,0,0,0,0,2,0,0,0,1,0,0,0,0,2,0,0,0,0,0,B2,"MDir, NINA","fj.12, sk.12, vs.06, vs.16, vs.17, vs.37, vs.38",p,0,2,7,0,0,0,0,1,0,0,0,0,0,5,1,0,0,0,,"e.i2, e.i3",p,5,0,2,0,0,0,0,2,5,1,0,0,0,10,0,0,0,p,B2,"e.i2, e.i3, fj.12, sk.12, vs.06, vs.16, vs.17, vs.37, vs.38"
i,cls,B2,2,2,1,1,1,2,1,1,0,0,0,2,0,2000,2000,1,1,2,0,0,0,,g3,g3,0,0,2,0,0,0,0,0,0,0,0,0,0,2,0,1,0,0,0,0,0,0,0,0,0,1,0,B3,NASA,"fj.01, sk.01",u,0,0,3,1,2,0,3,0,2,0,0,0,1,0,0,0,0,0,"B3, C1",,p,2,4,0,2,0,0,0,1,0,0,0,1,0,3,1,4,0,p,"B3, C1","fj.01, sk.01"
i,cls,B3,5,0,3,4,0,2,2,3,0,1,0,4,0,1907,0,5,0,0,3,2,0,,p1,NA,0,0,0,0,0,0,2,3,0,0,0,0,5,0,0,4,0,1,0,0,0,0,0,0,0,0,0,"B1a, B2","MDir, NINA, NTNU","fj.14, vs.04, vs.11, vs.41d, vs.64, vs.71, vs.74",u,0,0,3,2,2,0,3,0,1,0,0,0,0,0,1,2,0,0,"B1a, C1",,p,5,7,0,2,0,0,0,0,0,1,2,0,0,4,2,6,0,p,"B1a, B2, C1","fj.14, vs.04, vs.11, vs.41d, vs.64, vs.71, vs.74"
i,cls,C1,2,0,1,1,0,3,1,0,1,1,0,1,0,1988,0,5,0,0,1,0,0,,p2,NA,0,0,0,0,0,0,0,1,0,1,0,0,0,0,2,1,0,0,0,0,0,0,1,0,0,0,0,,"MDir, Statens kartverk","fj.10, fj.11, sk.13, vs.02",x,0,0,4,1,0,0,5,0,0,0,0,0,0,0,0,0,0,0,B2,,p,2,6,0,0,0,0,0,0,1,0,0,0,0,5,1,1,0,p,B2,"fj.10, fj.11, sk.13, vs.02"
i,cls,X,0,0,0,0,0,0,0,0,0,0,0,0,0,0,0,0,0,0,0,0,0,,NA,NA,0,0,0,0,0,0,0,0,0,0,0,0,0,0,0,0,0,0,0,0,0,0,0,0,0,0,0,,,,,0,0,0,2,1,0,0,0,0,0,0,0,0,0,0,2,0,1,,,,0,0,0,0,0,0,0,0,0,0,2,0,1,0,2,1,0,,,
i,chr,A1 | Mean temperature,1,0,1,0,0,2,0,1,0,0,1,0,0,2019,0,5,0,0,1,0,0,0,p2,NA,0,0,0,0,0,0,0,1,0,0,0,0,1,0,0,0,0,0,0,0,0,0,0,0,0,0,1,B1a,MDir,fj.15,n,0,0,0,0,0,0,0,0,0,0,0,0,0,0,0,0,0,0,,,,1,0,0,0,0,0,0,0,0,0,0,0,1,0,1,0,0,,B1a,fj.15
i,chr,A1 | Soil physical quality,0,0,0,0,0,0,0,0,0,0,0,0,0,0,0,0,0,0,0,0,0,0,,,0,0,0,0,0,0,0,0,0,0,0,0,0,0,0,0,0,0,0,0,0,0,0,0,0,0,0,,,,,1,0,0,1,0,0,0,0,0,0,0,0,1,0,0,0,0,0,C1,!e.i1,n,1,0,0,0,0,0,0,1,0,0,0,0,0,0,1,0,0,n,C1,!e.i1
i,chr,A1 | Water physical availability/permanence,1,0,0,1,0,1,1,0,0,0,0,1,0,2019,0,5,0,0,1,0,0,0,p2,NA,0,0,0,0,0,0,0,1,0,0,0,0,1,0,0,1,0,0,0,0,0,0,0,0,0,0,0,B1a,MDir,"sk.03, vs.30",u,0,0,0,2,3,0,2,0,1,0,0,0,1,0,0,0,1,0,,,,1,3,0,1,0,0,0,1,0,0,0,1,0,0,2,4,0,,B1a,"sk.03, vs.30"
i,chr,A1 | Water physical quality,0,0,0,0,0,0,0,0,0,0,0,0,0,0,0,0,0,0,0,0,0,0,NA,NA,0,0,0,0,0,0,0,0,0,0,0,0,0,0,0,0,0,0,0,0,0,0,0,0,0,0,0,,,,,0,1,0,1,0,0,1,0,0,0,0,0,0,0,0,0,0,0,A2,e.i1,n,1,1,0,0,0,0,0,0,0,0,0,0,0,0,1,0,0,n,A2,e.i1
i,chr,A2 | Soil chemical quality,3,0,0,2,0,1,3,0,0,0,0,3,0,2019,0,5,0,0,3,0,0,0,p2,NA,0,0,0,0,0,0,0,3,0,0,0,0,3,0,0,2,0,0,0,0,0,0,0,0,0,0,1,B1a,"MDir, NINA","fj.13, sk.02, vs.03, vs.41, vs.41b",u,0,0,0,1,0,0,0,0,0,0,0,0,0,1,0,0,0,0,,,,3,2,0,0,0,0,0,0,1,0,0,0,1,0,1,3,0,,B1a,"fj.13, sk.02, vs.03, vs.41, vs.41b"
i,chr,B1a | Birds abundance,2,0,2,2,0,2,0,2,0,2,0,0,0,2010,0,1,0,1,1,0,0,0,p2,NA,0,0,0,0,0,0,0,2,0,0,0,2,0,0,0,2,0,0,0,0,0,0,0,0,0,0,0,,"MDir, NINA","fj.05, fj.08",p,0,0,0,0,0,0,0,0,0,0,0,0,0,0,0,0,0,0,,,,2,2,0,0,0,0,0,0,0,0,0,0,0,2,0,0,0,p,,"fj.05, fj.08"
i,chr,B1a | Invasive species abundance,1,0,1,1,0,2,0,1,0,1,0,0,0,2019,0,5,0,0,1,0,0,0,p2,NA,0,0,0,0,0,0,0,1,0,0,0,0,1,0,0,1,0,0,0,0,0,0,0,0,0,0,0,,MDir,"fj.09, sk.04, vs.29",p,0,0,0,2,0,0,1,0,0,0,0,0,0,0,1,0,0,0,,,,1,2,0,0,0,0,0,0,0,1,0,0,0,1,2,0,0,p,,"fj.09, sk.04, vs.29"
i,chr,B1a | Mammals abundance,3,0,1,3,0,2,2,1,0,3,0,0,0,1990,0,1,0,2,1,0,0,0,p1,NA,0,0,0,0,0,0,1,2,0,0,0,3,0,0,0,3,0,0,0,0,0,0,0,0,0,0,0,B3,"MDir, NINA","fj.03, fj.06, fj.07",p,0,0,0,0,0,0,0,0,0,0,0,0,0,0,0,0,0,0,,,,3,3,0,0,0,0,0,0,0,0,0,0,0,3,0,0,0,p,B3,"fj.03, fj.06, fj.07"
i,chr,B1b | Birds diversity,0,0,0,0,0,0,0,0,0,0,0,0,0,0,0,0,0,0,0,0,0,0,,,0,0,0,0,0,0,0,0,0,0,0,0,0,0,0,0,0,0,0,0,0,0,0,0,0,0,0,,,,,0,1,3,0,0,0,0,0,0,0,0,0,0,2,1,0,0,0,,e.i3,p,1,0,0,0,0,0,0,0,2,1,0,0,0,3,0,0,0,p,,e.i3
i,chr,B1b | Insects diversity,2,0,0,0,0,1,2,0,0,2,0,0,0,2009,0,1,0,2,0,0,0,0,p2,NA,0,0,0,0,0,0,0,2,0,0,0,0,2,0,0,0,0,0,0,0,0,2,0,0,0,0,0,B2,NINA,"vs.16, vs.17, vs.37, vs.38",p,0,0,1,0,0,0,0,0,0,0,0,0,0,1,0,0,0,0,,,p,2,0,0,0,0,0,0,2,1,0,0,0,0,3,0,0,0,p,B2,"vs.16, vs.17, vs.37, vs.38"
i,chr,B1b | Overall compositional status,1,0,0,0,0,1,1,0,0,1,0,0,0,1990,0,5,0,0,1,0,0,0,p2,NA,0,0,0,0,0,0,0,1,0,0,0,0,0,0,0,0,1,0,0,0,0,0,0,0,0,0,0,,"MDir, NINA","fj.12, sk.12, vs.06",p,0,1,2,0,0,0,0,1,0,0,0,0,0,1,0,0,0,0,,e.i2,p,2,0,2,0,0,0,0,0,1,0,0,0,0,3,0,0,0,p,,"e.i2, fj.12, sk.12, vs.06"
i,chr,B2 | Total vegetation cover,2,2,1,1,1,2,1,1,0,0,0,2,0,2000,2000,1,1,2,0,0,0,0,g3,g3,0,0,2,0,0,0,0,0,0,0,0,0,0,2,0,1,0,0,0,0,0,0,0,0,0,1,0,B3,NASA,"fj.01, sk.01",u,0,0,1,0,2,0,1,0,1,0,0,0,1,0,0,0,0,0,"B3, C1",,p,2,2,0,1,0,0,0,1,0,0,0,1,0,1,0,4,0,p,"B3, C1","fj.01, sk.01"
i,chr,B3 | Disturbance intensity / ecosystem age,3,0,1,2,0,2,2,1,0,1,0,2,0,2019,0,5,0,0,3,0,0,0,p2,NA,0,0,0,0,0,0,0,3,0,0,0,0,3,0,0,2,0,1,0,0,0,0,0,0,0,0,0,B1a,"MDir, NINA","fj.14, vs.04, vs.41d, vs.64",u,0,0,1,1,1,0,2,0,0,0,0,0,0,0,1,0,0,0,C1,,p,3,4,0,1,0,0,0,0,0,1,0,0,0,2,1,3,0,p,"B1a, C1","fj.14, vs.04, vs.41d, vs.64"
i,chr,B3 | Trophic balance,2,0,2,2,0,2,0,2,0,0,0,2,0,1907,0,10,0,0,0,2,0,0,p1,NA,0,0,0,0,0,0,2,0,0,0,0,0,2,0,0,2,0,0,0,0,0,0,0,0,0,0,0,"B1a, B2",NTNU,"vs.11, vs.71, vs.74",u,0,0,0,0,0,0,0,0,0,0,0,0,0,0,0,0,0,0,,,,2,2,0,0,0,0,0,0,0,0,0,0,0,0,0,2,0,,"B1a, B2","vs.11, vs.71, vs.74"
i,chr,C1 | Landscape connectivity & fragmentation,1,0,0,0,0,1,1,0,0,0,0,1,0,2021,0,0,0,0,0,0,0,0,px,NA,0,0,0,0,0,0,0,0,0,1,0,0,0,0,1,0,0,0,0,0,0,0,1,0,0,0,0,,Statens kartverk,"fj.11, vs.02",u,0,0,1,1,0,0,2,0,0,0,0,0,0,0,0,0,0,0,,,p,1,2,0,0,0,0,0,0,1,0,0,0,0,1,1,1,0,p,,"fj.11, vs.02"
i,chr,C1 | Landscape naturalness,1,0,1,1,0,3,0,0,1,1,0,0,0,1988,0,5,0,0,1,0,0,0,p2,NA,0,0,0,0,0,0,0,1,0,0,0,0,0,0,1,1,0,0,0,0,0,0,0,0,0,0,0,,MDir,"fj.10, sk.13, vs.02",p,0,0,1,0,0,0,1,0,0,0,0,0,0,0,0,0,0,0,,,p,1,2,0,0,0,0,0,0,0,0,0,0,0,2,0,0,0,p,,"fj.10, sk.13, vs.02"
l,all,all,16,0,14,11,0,2,2,14,0,7,6,1,0,1988,0,1,0,14,1,0,0,,p2,NA,0,0,0,0,0,0,0,1,12,1,2,0,14,0,2,11,4,0,0,0,0,0,1,0,0,0,0,"A2, B1a, B3","MDir, NIVA, Statens kartverk, Vann-nett, Vannmiljø","Alegress, Blotbunnsfauna, KLFA, MSMDI, N-NH3, N-SNOX, N-TOT, O2, P-PO4, P-TOT, RSL, SECCI, fj.10, fj.11, overall chemical status, overall ecol status, sk.13, vs.02",x,0,5,21,17,8,0,21,1,4,1,0,0,3,7,3,4,1,1,"A2, B1a, B2, B3, C1","e.l1, e.l2, e.l3, e.l4, e.l5",p,21,32,5,4,1,0,0,3,8,3,4,1,1,28,23,9,0,p,"A2, B1a, B2, B3, C1","Alegress, Blotbunnsfauna, KLFA, MSMDI, N-NH3, N-SNOX, N-TOT, O2, P-PO4, P-TOT, RSL, SECCI, e.l1, e.l2, e.l3, e.l4, e.l5, fj.10, fj.11, overall chemical status, overall ecol status, sk.13, vs.02"
l,cls,A1,1,0,1,1,0,2,0,1,0,1,0,0,0,0,0,1,0,1,0,0,0,,pp,NA,0,0,0,0,0,0,0,0,1,0,0,0,1,0,0,1,0,0,0,0,0,0,0,0,0,0,0,"A2, B3",Vannmiljø,SECCI,p,0,1,1,5,3,0,4,0,1,1,0,0,2,0,0,0,1,0,"A2, C1",e.l1,p,2,5,0,1,1,0,0,2,0,0,0,1,0,2,5,3,0,p,"A2, B3, C1","SECCI, e.l1"
l,cls,A2,10,0,10,7,0,2,0,10,0,4,5,0,0,0,0,1,0,10,0,0,0,,pp,NA,0,0,0,0,0,0,0,0,9,0,1,0,10,0,0,7,3,0,0,0,0,0,0,0,0,0,0,B1a,"NIVA, Vann-nett, Vannmiljø","Alegress, Blotbunnsfauna, N-NH3, N-SNOX, N-TOT, O2, P-PO4, P-TOT, RSL, overall chemical status",x,0,2,3,4,0,0,5,0,0,0,0,0,0,2,0,0,0,0,A2,"e.l2, e.l3",p,12,12,3,0,0,0,0,0,2,0,0,0,0,7,9,0,0,p,"A2, B1a","Alegress, Blotbunnsfauna, N-NH3, N-SNOX, N-TOT, O2, P-PO4, P-TOT, RSL, e.l2, e.l3, overall chemical status"
l,cls,B1a,0,0,0,0,0,0,0,0,0,0,0,0,0,0,0,0,0,0,0,0,0,,NA,NA,0,0,0,0,0,0,0,0,0,0,0,0,0,0,0,0,0,0,0,0,0,0,0,0,0,0,0,,,,,0,0,0,2,0,0,1,0,0,0,0,0,0,0,1,0,0,0,,,,0,1,0,0,0,0,0,0,0,1,0,0,0,0,2,0,0,,,
l,cls,B1b,0,0,0,0,0,0,0,0,0,0,0,0,0,0,0,0,0,0,0,0,0,,NA,NA,0,0,0,0,0,0,0,0,0,0,0,0,0,0,0,0,0,0,0,0,0,0,0,0,0,0,0,,,,,0,1,7,0,0,0,0,1,0,0,0,0,0,5,1,0,0,0,,e.l5,p,1,0,1,0,0,0,0,0,5,1,0,0,0,7,0,0,0,p,,e.l5
l,cls,B2,2,0,2,2,0,2,0,2,0,1,1,0,0,0,0,1,0,2,0,0,0,,pp,NA,0,0,0,0,0,0,0,0,2,0,0,0,2,0,0,2,0,0,0,0,0,0,0,0,0,0,0,B3,"NIVA, Vannmiljø","KLFA, MSMDI",x,0,1,3,1,2,0,3,0,2,0,0,0,1,0,0,0,0,0,"B3, C1",e.l4,p,3,5,0,2,0,0,0,1,0,0,0,0,0,4,2,2,0,p,"B3, C1","KLFA, MSMDI, e.l4"
l,cls,B3,0,0,0,0,0,0,0,0,0,0,0,0,0,0,0,0,0,0,0,0,0,,NA,NA,0,0,0,0,0,0,0,0,0,0,0,0,0,0,0,0,0,0,0,0,0,0,0,0,0,0,0,,,,,0,0,3,2,2,0,3,0,1,0,0,0,0,0,1,2,0,0,"B1a, C1",,p,0,3,0,1,0,0,0,0,0,1,2,0,0,3,2,2,0,p,"B1a, C1",
l,cls,C1,2,0,0,1,0,1,2,0,0,1,0,1,0,1988,0,5,0,0,1,0,0,,p2,NA,0,0,0,0,0,0,0,1,0,1,0,0,0,0,2,1,0,0,0,0,0,0,1,0,0,0,0,,"MDir, Statens kartverk","fj.10, fj.11, sk.13, vs.02",x,0,0,4,1,0,0,5,0,0,0,0,0,0,0,0,0,0,0,B2,,p,2,6,0,0,0,0,0,0,1,0,0,0,0,5,1,1,0,p,B2,"fj.10, fj.11, sk.13, vs.02"
l,cls,X,1,0,1,0,0,2,0,1,0,0,0,0,0,0,0,1,0,1,0,0,0,,NA,NA,0,0,0,0,0,0,0,0,0,0,1,0,1,0,0,0,1,0,0,0,0,0,0,0,0,0,0,,Vann-nett,overall ecol status,x,0,0,0,2,1,0,0,0,0,0,0,0,0,0,0,2,0,1,,,,1,0,1,0,0,0,0,0,0,0,2,0,1,0,2,1,0,,,overall ecol status
l,chr,A1 | Water physical quality,1,0,1,1,0,2,0,1,0,1,0,0,0,0,0,1,0,1,0,0,0,0,pp,NA,0,0,0,0,0,0,0,0,1,0,0,0,1,0,0,1,0,0,0,0,0,0,0,0,0,0,0,"A2, B3",Vannmiljø,SECCI,p,0,1,0,1,0,0,1,0,0,0,0,0,0,0,0,0,0,0,A2,e.l1,n,2,2,0,0,0,0,0,0,0,0,0,0,0,1,1,0,0,p,"A2, B3","SECCI, e.l1"
l,chr,A2 | Water chemical quality: eutrophication,9,0,9,6,0,2,0,9,0,4,5,0,0,0,0,1,0,9,0,0,0,0,pp,NA,0,0,0,0,0,0,0,0,9,0,0,0,9,0,0,6,3,0,0,0,0,0,0,0,0,0,0,B1a,"NIVA, Vannmiljø","Alegress, Blotbunnsfauna, N-NH3, N-SNOX, N-TOT, O2, P-PO4, P-TOT, RSL",x,0,2,0,2,0,0,2,0,0,0,0,0,0,0,0,0,0,0,,"e.l2, e.l3",n,11,8,3,0,0,0,0,0,0,0,0,0,0,4,7,0,0,p,B1a,"Alegress, Blotbunnsfauna, N-NH3, N-SNOX, N-TOT, O2, P-PO4, P-TOT, RSL, e.l2, e.l3"
l,chr,A2 | Water chemical quality: other pollutants,1,0,1,1,0,2,0,1,0,0,0,0,0,0,0,1,0,1,0,0,0,0,NA,NA,0,0,0,0,0,0,0,0,0,0,1,0,1,0,0,1,0,0,0,0,0,0,0,0,0,0,0,,Vann-nett,overall chemical status,x,0,0,1,0,0,0,0,0,0,0,0,0,0,1,0,0,0,0,A2,,p,1,1,0,0,0,0,0,0,1,0,0,0,0,1,0,0,0,p,A2,overall chemical status
l,chr,B1b | Overall compositional status,0,0,0,0,0,0,0,0,0,0,0,0,0,0,0,0,0,0,0,0,0,0,NA,NA,0,0,0,0,0,0,0,0,0,0,0,0,0,0,0,0,0,0,0,0,0,0,0,0,0,0,0,,,,,0,1,2,0,0,0,0,1,0,0,0,0,0,1,0,0,0,0,,e.l5,p,1,0,1,0,0,0,0,0,1,0,0,0,0,2,0,0,0,p,,e.l5
l,chr,B2 | Phytoplankton density,2,0,2,2,0,2,0,2,0,1,1,0,0,0,0,1,0,2,0,0,0,0,pp,NA,0,0,0,0,0,0,0,0,2,0,0,0,2,0,0,2,0,0,0,0,0,0,0,0,0,0,0,B3,"NIVA, Vannmiljø","KLFA, MSMDI",x,0,1,0,1,0,0,0,0,1,0,0,0,0,0,0,0,0,0,B3,e.l4,n,3,2,0,1,0,0,0,0,0,0,0,0,0,1,2,0,0,p,B3,"KLFA, MSMDI, e.l4"
l,chr,C1 | Landscape connectivity & fragmentation,1,0,0,0,0,1,1,0,0,0,0,1,0,2021,0,0,0,0,0,0,0,0,px,NA,0,0,0,0,0,0,0,0,0,1,0,0,0,0,1,0,0,0,0,0,0,0,1,0,0,0,0,,Statens kartverk,"fj.11, vs.02",u,0,0,1,1,0,0,2,0,0,0,0,0,0,0,0,0,0,0,,,p,1,2,0,0,0,0,0,0,1,0,0,0,0,1,1,1,0,p,,"fj.11, vs.02"
l,chr,C1 | Landscape naturalness,1,0,0,1,0,1,1,0,0,1,0,0,0,1988,0,5,0,0,1,0,0,0,p2,NA,0,0,0,0,0,0,0,1,0,0,0,0,0,0,1,1,0,0,0,0,0,0,0,0,0,0,0,,MDir,"fj.10, sk.13, vs.02",p,0,0,1,0,0,0,1,0,0,0,0,0,0,0,0,0,0,0,,,p,1,2,0,0,0,0,0,0,0,0,0,0,0,2,0,0,0,p,,"fj.10, sk.13, vs.02"
l,chr,X | unclear / excluded,1,0,1,0,0,2,0,1,0,0,0,0,0,0,0,1,0,1,0,0,0,0,NA,NA,0,0,0,0,0,0,0,0,0,0,1,0,1,0,0,0,1,0,0,0,0,0,0,0,0,0,0,,Vann-nett,overall ecol status,x,0,0,0,1,1,0,0,0,0,0,0,0,0,0,0,2,0,0,,,,1,0,1,0,0,0,0,0,0,0,2,0,0,0,1,1,0,,,overall ecol status
m,all,all,14,14,14,10,10,2,0,14,0,6,6,0,0,0,0,1,1,14,0,0,0,,pp,pp,0,0,0,0,0,0,0,0,12,0,2,0,14,0,0,10,4,0,0,0,0,0,0,0,0,0,0,"A2, B1a, B3","NIVA, Vann-nett, Vannmiljø","Alegress, Blotbunnsfauna, KLFA, MSMDI, N-NH3, N-SNOX, N-TOT, O2, P-PO4, P-TOT, RSL, SECCI, overall chemical status, overall ecol status",x,0,6,21,17,8,0,21,1,4,1,0,0,3,7,3,4,1,1,"A2, B1a, B2, B3, C1","e.m1, e.m2, e.m3, e.m4, e.m5, e.m6",p,20,31,5,4,1,0,0,3,7,3,4,1,1,27,23,8,0,p,"A2, B1a, B2, B3, C1","Alegress, Blotbunnsfauna, KLFA, MSMDI, N-NH3, N-SNOX, N-TOT, O2, P-PO4, P-TOT, RSL, SECCI, e.m1, e.m2, e.m3, e.m4, e.m5, e.m6, overall chemical status, overall ecol status"
m,cls,A1,1,1,1,1,1,2,0,1,0,1,0,0,0,0,0,1,1,1,0,0,0,,pp,pp,0,0,0,0,0,0,0,0,1,0,0,0,1,0,0,1,0,0,0,0,0,0,0,0,0,0,0,"A2, B3",Vannmiljø,SECCI,p,0,1,1,5,3,0,4,0,1,1,0,0,2,0,0,0,1,0,"A2, C1",e.m1,p,2,5,0,1,1,0,0,2,0,0,0,1,0,2,5,3,0,p,"A2, B3, C1","SECCI, e.m1"
m,cls,A2,10,10,10,7,7,2,0,10,0,4,5,0,0,0,0,1,1,10,0,0,0,,pp,pp,0,0,0,0,0,0,0,0,9,0,1,0,10,0,0,7,3,0,0,0,0,0,0,0,0,0,0,B1a,"NIVA, Vann-nett, Vannmiljø","Alegress, Blotbunnsfauna, N-NH3, N-SNOX, N-TOT, O2, P-PO4, P-TOT, RSL, overall chemical status",x,0,1,3,4,0,0,5,0,0,0,0,0,0,2,0,0,0,0,A2,e.m2,p,11,12,3,0,0,0,0,0,2,0,0,0,0,7,9,0,0,p,"A2, B1a","Alegress, Blotbunnsfauna, N-NH3, N-SNOX, N-TOT, O2, P-PO4, P-TOT, RSL, e.m2, overall chemical status"
m,cls,B1a,0,0,0,0,0,0,0,0,0,0,0,0,0,0,0,0,0,0,0,0,0,,NA,NA,0,0,0,0,0,0,0,0,0,0,0,0,0,0,0,0,0,0,0,0,0,0,0,0,0,0,0,,,,,0,1,0,2,0,0,1,0,0,0,0,0,0,0,1,0,0,0,,e.m4,n,1,1,0,0,0,0,0,0,0,1,0,0,0,0,2,0,0,n,,e.m4
m,cls,B1b,0,0,0,0,0,0,0,0,0,0,0,0,0,0,0,0,0,0,0,0,0,,NA,NA,0,0,0,0,0,0,0,0,0,0,0,0,0,0,0,0,0,0,0,0,0,0,0,0,0,0,0,,,,,0,1,7,0,0,0,0,1,0,0,0,0,0,5,1,0,0,0,,e.m3,p,1,0,1,0,0,0,0,0,5,1,0,0,0,7,0,0,0,p,,e.m3
m,cls,B2,2,2,2,2,2,2,0,2,0,1,1,0,0,0,0,1,1,2,0,0,0,,pp,pp,0,0,0,0,0,0,0,0,2,0,0,0,2,0,0,2,0,0,0,0,0,0,0,0,0,0,0,B3,"NIVA, Vannmiljø","KLFA, MSMDI",x,0,0,3,1,2,0,3,0,2,0,0,0,1,0,0,0,0,0,"B3, C1",,p,2,5,0,2,0,0,0,1,0,0,0,0,0,4,2,2,0,p,"B3, C1","KLFA, MSMDI"
m,cls,B3,0,0,0,0,0,0,0,0,0,0,0,0,0,0,0,0,0,0,0,0,0,,NA,NA,0,0,0,0,0,0,0,0,0,0,0,0,0,0,0,0,0,0,0,0,0,0,0,0,0,0,0,,,,,0,2,3,2,2,0,3,0,1,0,0,0,0,0,1,2,0,0,"B1a, C1","e.m5, e.m6",p,2,3,0,1,0,0,0,0,0,1,2,0,0,3,2,2,0,p,"B1a, C1","e.m5, e.m6"
m,cls,C1,0,0,0,0,0,0,0,0,0,0,0,0,0,0,0,0,0,0,0,0,0,,NA,NA,0,0,0,0,0,0,0,0,0,0,0,0,0,0,0,0,0,0,0,0,0,0,0,0,0,0,0,,,,,0,0,4,1,0,0,5,0,0,0,0,0,0,0,0,0,0,0,B2,,p,0,5,0,0,0,0,0,0,0,0,0,0,0,4,1,0,0,p,B2,
m,cls,X,1,1,1,0,0,2,0,1,0,0,0,0,0,0,0,1,0,1,0,0,0,,NA,NA,0,0,0,0,0,0,0,0,0,0,1,0,1,0,0,0,1,0,0,0,0,0,0,0,0,0,0,,Vann-nett,overall ecol status,x,0,0,0,2,1,0,0,0,0,0,0,0,0,0,0,2,0,1,,,,1,0,1,0,0,0,0,0,0,0,2,0,1,0,2,1,0,,,overall ecol status
m,chr,A1 | Water physical quality,1,1,1,1,1,2,0,1,0,1,0,0,0,0,0,1,1,1,0,0,0,0,pp,pp,0,0,0,0,0,0,0,0,1,0,0,0,1,0,0,1,0,0,0,0,0,0,0,0,0,0,0,"A2, B3",Vannmiljø,SECCI,p,0,1,0,1,0,0,1,0,0,0,0,0,0,0,0,0,0,0,A2,e.m1,n,2,2,0,0,0,0,0,0,0,0,0,0,0,1,1,0,0,p,"A2, B3","SECCI, e.m1"
m,chr,A2 | Water chemical quality: acidification,0,0,0,0,0,0,0,0,0,0,0,0,0,0,0,0,0,0,0,0,0,0,NA,NA,0,0,0,0,0,0,0,0,0,0,0,0,0,0,0,0,0,0,0,0,0,0,0,0,0,0,0,,,,,0,1,1,0,0,0,1,0,0,0,0,0,0,0,0,0,0,0,,e.m2,p,1,1,0,0,0,0,0,0,0,0,0,0,0,1,0,0,0,p,,e.m2
m,chr,A2 | Water chemical quality: eutrophication,9,9,9,6,6,2,0,9,0,4,5,0,0,0,0,1,1,9,0,0,0,0,pp,pp,0,0,0,0,0,0,0,0,9,0,0,0,9,0,0,6,3,0,0,0,0,0,0,0,0,0,0,B1a,"NIVA, Vannmiljø","Alegress, Blotbunnsfauna, N-NH3, N-SNOX, N-TOT, O2, P-PO4, P-TOT, RSL",x,0,0,0,2,0,0,2,0,0,0,0,0,0,0,0,0,0,0,,,,9,8,3,0,0,0,0,0,0,0,0,0,0,4,7,0,0,p,B1a,"Alegress, Blotbunnsfauna, N-NH3, N-SNOX, N-TOT, O2, P-PO4, P-TOT, RSL"
m,chr,A2 | Water chemical quality: other pollutants,1,1,1,1,1,2,0,1,0,0,0,0,0,0,0,1,1,1,0,0,0,0,NA,NA,0,0,0,0,0,0,0,0,0,0,1,0,1,0,0,1,0,0,0,0,0,0,0,0,0,0,0,,Vann-nett,overall chemical status,x,0,0,1,0,0,0,0,0,0,0,0,0,0,1,0,0,0,0,A2,,p,1,1,0,0,0,0,0,0,1,0,0,0,0,1,0,0,0,p,A2,overall chemical status
m,chr,B1a | Invasive species abundance,0,0,0,0,0,0,0,0,0,0,0,0,0,0,0,0,0,0,0,0,0,0,NA,NA,0,0,0,0,0,0,0,0,0,0,0,0,0,0,0,0,0,0,0,0,0,0,0,0,0,0,0,,,,,0,1,0,2,0,0,1,0,0,0,0,0,0,0,1,0,0,0,,e.m4,n,1,1,0,0,0,0,0,0,0,1,0,0,0,0,2,0,0,n,,e.m4
m,chr,B1b | Overall compositional status,0,0,0,0,0,0,0,0,0,0,0,0,0,0,0,0,0,0,0,0,0,0,NA,NA,0,0,0,0,0,0,0,0,0,0,0,0,0,0,0,0,0,0,0,0,0,0,0,0,0,0,0,,,,,0,1,2,0,0,0,0,1,0,0,0,0,0,1,0,0,0,0,,e.m3,p,1,0,1,0,0,0,0,0,1,0,0,0,0,2,0,0,0,p,,e.m3
m,chr,B2 | Phytoplankton density,2,2,2,2,2,2,0,2,0,1,1,0,0,0,0,1,1,2,0,0,0,0,pp,pp,0,0,0,0,0,0,0,0,2,0,0,0,2,0,0,2,0,0,0,0,0,0,0,0,0,0,0,B3,"NIVA, Vannmiljø","KLFA, MSMDI",x,0,0,0,1,0,0,0,0,1,0,0,0,0,0,0,0,0,0,B3,,,2,2,0,1,0,0,0,0,0,0,0,0,0,1,2,0,0,p,B3,"KLFA, MSMDI"
m,chr,B3 | Disturbance intensity / ecosystem age,0,0,0,0,0,0,0,0,0,0,0,0,0,0,0,0,0,0,0,0,0,0,NA,NA,0,0,0,0,0,0,0,0,0,0,0,0,0,0,0,0,0,0,0,0,0,0,0,0,0,0,0,,,,,0,1,1,1,1,0,2,0,0,0,0,0,0,0,1,0,0,0,C1,e.m6,p,1,2,0,0,0,0,0,0,0,1,0,0,0,1,1,1,0,p,C1,e.m6
m,chr,B3 | Functions underlying key ES,0,0,0,0,0,0,0,0,0,0,0,0,0,0,0,0,0,0,0,0,0,0,NA,NA,0,0,0,0,0,0,0,0,0,0,0,0,0,0,0,0,0,0,0,0,0,0,0,0,0,0,0,,,,,0,1,2,1,0,0,1,0,0,0,0,0,0,0,0,2,0,0,B1a,e.m5,p,1,1,0,0,0,0,0,0,0,0,2,0,0,2,1,0,0,p,B1a,e.m5
m,chr,X | unclear / excluded,1,1,1,0,0,2,0,1,0,0,0,0,0,0,0,1,0,1,0,0,0,0,NA,NA,0,0,0,0,0,0,0,0,0,0,1,0,1,0,0,0,1,0,0,0,0,0,0,0,0,0,0,,Vann-nett,overall ecol status,x,0,0,0,1,1,0,0,0,0,0,0,0,0,0,0,2,0,0,,,,1,0,1,0,0,0,0,0,0,0,2,0,0,0,1,1,0,,,overall ecol status
