"ET.estat";"i.id0";"i.name.no";"Datakilde";"Startar";"Frekvens (ar)";"Romlig opplosning";"ECT";"Egenskap";"Samsvar m/tilstand";"Ref.verdi"
"a: urban";"sk.01";"Normalisert årlig maksimal NDVI";"NASA*";"2000";"1";"~100 m";"B2";"pr";"u";"mdc"
"a: urban";"fj.01";"NDVI flerårig trend";"NASA*";"2000";"1";"~100 m";"B2";"pr, fd";"u";"zer"
"a: urban";"ur.01";"";"Copernicus*";"2006";"3";"~10 m";"A1";"af, lm";"n";"pol?"
"a: urban";"ur.02";"";"Copernicus*";"2018";"3";"~10 m";"B2";"fs, lm";"p";"pol?"
"a: urban";"ur.03";"";"Copernicus*";"2012";"3";"~10 m";"B2";"fs";"p";"pol?"
"a: urban";"ur.04";"";"Copernicus*";"2018";"1";"kommune";"A2";"af";"n";"pol?"
"b: crop";"vs.18";"Farmland bird communities";"NINA (Chloe Nater), BirdLife Norge, Mdir, NIBIO";"2010";"1";"fylke/region";"B1a";"bm";"p";"sta"
"b: crop";"nb.12";"Organisk jordkarbon";"NIBIO";"2024";"1";"fylke/region";"A2";"af";"p";"mod"
"b: crop";"nb.13";"C/N-forholdet i jord";"NIBIO";"2024";"1";"fylke/region";"A2";"af";"u";"mod"
"b: crop";"nb.19";"Andel med økologisk drift";"Ldir";;"1";"kommune";"B3";"fs, lm";"p";"zer"
"c: grass";"sk.04, fj.09, vs.29";"Fravær av fremmede plantearter";"MDir";"2019";"1";"fylke/region";"B1a";"fs";"p";"zer"
"c: grass";"fj.08";"Kongeørn";"MDir & NINA";"2010";"5";"ingen (nasj)";"B1a";"fb, fg";"p";"??"
"c: grass";"fj.07";"Jerv";"MDir & NINA";"1990";"5";"fylke/region";"B1a";"fb, fg";"p";"mod"
"c: grass";"fj.06";"Fjellrev";"MDir & NINA";"2010";"1";"kommune";"B1a";"fb, fg";"p";"sta (+mod)"
"c: grass";"fj.04";"Lirype";"NINA";"2015";"1";"fylke/region";"B1a";"fb, fg";"p";"exp"
"c: grass";"fj.05";"Fjellrype";"MDir";"2010";"1";"fylke/region";"B1a";"fb, fg";"p";"exp"
"c: grass";"vs.18";"Farmland bird communities";"NINA (Chloe Nater), BirdLife Norge, Mdir, NIBIO";"2010";"1";"fylke/region";"B1a";"bm";"p";"sta"
"c: grass";"vs.17, vs.38";"Butterfly abundance and diversity";"NINA (Jens Åström)";"2009";"1";"fylke/region";"B1b";"bm";"p";"exp"
"c: grass";"vs.47";"Species richness of flying insects";"NINA (Jens Åström)";"2020";"5";"fylke/region";"B1b";"bm";"p";"??"
"c: grass";"fj.12, sk.12, vs.06";"Naturindeks (modifisert)";"MDir & NINA";"1990";"5";"fylke/region";"xx";"bm";"p";"na"
"c: grass";"sk.03, vs.30";"Ellenberg F";"MDir";"2019";"1";"fylke/region";"A1";"af";"u";"mod"
"c: grass";"fj.14, vs.04";"Ellenberg L";"MDir";"2019";"1";"fylke/region";"B3";"af";"u";"mod"
"c: grass";"vs.41";"Ellenberg R";"NINA (Joachim Töpper)";"2019";"1";"fylke/region";"A2";"fg, bm";"u";"mod"
"c: grass";"fj.15";"Vegetasjonens varmekrav";"MDir";"2019";"1";"fylke/region";"A1";"af";"n";"mod"
"c: grass";"sk.02, fj.13, vs.03";"Ellenberg N";"MDir";"2019";"1";"fylke/region";"A2";"pr, af";"u";"mod"
"c: grass";"vs.41b";"Planteindikator på fosfor";"NINA (Joachim Töpper)";"2019";"1";"fylke/region";"A2";"fg, bm";"u";"mod"
"c: grass";"vs.41c";"Planteindikator på beite/slått";"NINA (Joachim Töpper)";"2019";"1";"fylke/region";"B3";"fg, bm";"u";"mod"
"c: grass";"vs.41d";"Planteindikator på jordforstyrrelse";"NINA (Joachim Töpper)";"2019";"1";"fylke/region";"B3";"fg, bm";"u";"mod"
"c: grass";"vs.48";"Total insektsbiomasse";"NINA (Jens Åström)";"2020";"5";"fylke/region";"B1a";"fs";"p";"??"
"c: grass";"fj.03";"Smågnagere";"MDir";"1990";"1";"fylke/region";"B1a";"fb, fg, fs";"p";"mod"
"c: grass";"fj.02";"Rein";"MDir & NINA";"2017";"1";"ingen (nasj)";"B1a";"fb, fg, fs";"u";"mod"
"c: grass";"sk.10";"Store hjortedyr";"MDir & NINA";"1990";"1";"kommune";"B1a";"fb";"u";"mod"
"c: grass";"vs.16, vs.37";"Bumblebee abundance and species richness";"NINA (Jens Åström)";"2009";"1";"fylke/region";"B1b";"bm";"p";"exp"
"c: grass";"vs.45, vs.72";"Antall arter av pollinerende insekter";"NINA (Jens Åström), NIBIO (3Q)";"2020";"5";"fylke/region";"B3";"fs";"p";"??"
"c: grass";"vs.50";"Antall arter møkkbiller";"NINA (Jens Åström)";"2020";"5";"fylke/region";"B1b";"fs";"p";"??"
"c: grass";"vs.05, vs.28";"Gjengroing";"NINA (Zander Venter)";"2010";"Inf";"~10 m";"B2";"fs";"n";"mdc"
"c: grass";"sk.01";"Normalisert årlig maksimal NDVI";"NASA*";"2000";"1";"~100 m";"B2";"pr";"u";"mdc"
"c: grass";"fj.01";"NDVI flerårig trend";"NASA*";"2000";"1";"~100 m";"B2";"pr, fd";"u";"zer"
"c: grass";"vs.64";"Slitasje";"NINA (Anders Kolstad)";"2019";"5";"fylke/region";"B3";"pr";"n";"zer"
"c: grass";"vs.11, vs.71";"Biomasse klovdyr";"NTNU (James Speed)";"1999";"10";"kommune";"B3";"fb";"u";"mod"
"c: grass";"vs.74";"Biomasse rovdyr";"NTNU (James Speed)";"1907";"10";"kommune";"B3";"fb";"u";"mod"
"c: grass";"fj.11, vs.02";"Konnektivitet";"Statens kartverk*/NIBIO";"2021";"Inf";"kommune";"C1";"lm";"p";"mod"
"c: grass";"sk.13, fj.10, vs.02";"Areal uten tekniske inngrep";"MDir*/NIBIO";"1988";"5";"kommune";"C1";"lm";"p";"zer"
"c: grass";"nb.12";"Organisk jordkarbon";"NIBIO";"2024";"1";"fylke/region";"A2";"af";"p";"mod"
"c: grass";"nb.13";"C/N-forholdet i jord";"NIBIO";"2024";"1";"fylke/region";"A2";"af";"u";"mod"
"c: grass";"nb.16";"Funksjonelle plantegrupper";"Mdir/NINA";"2019";"5";"fylke/region";"B3";"fg";"u";"mod"
"c: grass";"nb.19";"Andel med økologisk drift";"Ldir";;"1";"kommune";"B3";"fs, lm";"p";"zer"
"e: forest";"sk.04, fj.09, vs.29";"Fravær av fremmede plantearter";"MDir";"2019";"1";"fylke/region";"B1a";"fs";"p";"zer"
"e: forest";"fj.04";"Lirype";"NINA";"2015";"1";"fylke/region";"B1a";"fb, fg";"p";"exp"
"e: forest";"vs.47";"Species richness of flying insects";"NINA (Jens Åström)";"2020";"5";"fylke/region";"B1b";"bm";"p";"??"
"e: forest";"fj.12, sk.12, vs.06";"Naturindeks (modifisert)";"MDir & NINA";"1990";"5";"fylke/region";"xx";"bm";"p";"na"
"e: forest";"sk.03, vs.30";"Ellenberg F";"MDir";"2019";"1";"fylke/region";"A1";"af";"u";"mod"
"e: forest";"fj.14, vs.04";"Ellenberg L";"MDir";"2019";"1";"fylke/region";"B3";"af";"u";"mod"
"e: forest";"vs.41";"Ellenberg R";"NINA (Joachim Töpper)";"2019";"1";"fylke/region";"A2";"fg, bm";"u";"mod"
"e: forest";"fj.15";"Vegetasjonens varmekrav";"MDir";"2019";"1";"fylke/region";"A1";"af";"n";"mod"
"e: forest";"sk.02, fj.13, vs.03";"Ellenberg N";"MDir";"2019";"1";"fylke/region";"A2";"pr, af";"u";"mod"
"e: forest";"sk.05";"Blåbærdekning";"NIBIO";"2010";"1";"fylke/region";"B1a";"fs";"p";"mdc"
"e: forest";"sk.06";"Rogn-osp-selje";"NIBIO";"1994";"1";"fylke/region";"B1a";"fs";"p";"mdc"
"e: forest";"vs.48";"Total insektsbiomasse";"NINA (Jens Åström)";"2020";"5";"fylke/region";"B1a";"fs";"p";"??"
"e: forest";"sk.10";"Store hjortedyr";"MDir & NINA";"1990";"1";"kommune";"B1a";"fb";"u";"mod"
"e: forest";"sk.11";"Store rovdyr";"MDir & NINA";"1990";"1";"fylke/region";"B1a";"fb";"p";"mod"
"e: forest";"vs.45, vs.72";"Antall arter av pollinerende insekter";"NINA (Jens Åström), NIBIO (3Q)";"2020";"5";"fylke/region";"B3";"fs";"p";"??"
"e: forest";"vs.50";"Antall arter møkkbiller";"NINA (Jens Åström)";"2020";"5";"fylke/region";"B1b";"fs";"p";"??"
"e: forest";"sk.09";"Biologisk gammel skog";"NIBIO";"2000";"1";"fylke/region";"B3";"fs, lm";"p";"mod"
"e: forest";"sk.07";"Død ved totalt";"NIBIO";"2010";"1";"fylke/region";"B2";"fs";"p";"mod"
"e: forest";"sk.08";"Grov død ved";"NIBIO";"2010";"1";"fylke/region";"B2";"fs";"p";"mod"
"e: forest";"sk.01";"Normalisert årlig maksimal NDVI";"NASA*";"2000";"1";"~100 m";"B2";"pr";"u";"mdc"
"e: forest";"fj.01";"NDVI flerårig trend";"NASA*";"2000";"1";"~100 m";"B2";"pr, fd";"u";"zer"
"e: forest";"vs.11, vs.71";"Biomasse klovdyr";"NTNU (James Speed)";"1999";"10";"kommune";"B3";"fb";"u";"mod"
"e: forest";"vs.74";"Biomasse rovdyr";"NTNU (James Speed)";"1907";"10";"kommune";"B3";"fb";"u";"mod"
"e: forest";"fj.11, vs.02";"Konnektivitet";"Statens kartverk*/NIBIO";"2021";"Inf";"kommune";"C1";"lm";"p";"mod"
"e: forest";"sk.13, fj.10, vs.02";"Areal uten tekniske inngrep";"MDir*/NIBIO";"1988";"5";"kommune";"C1";"lm";"p";"zer"
"e: forest";"nb.01";"Volum av levende og såtende døde trær";"NIBIO";"2010";"1";"fylke/region";"B2";"pr";"u";"mod"
"e: forest";"nb.02";"Volumandel døde trær";"NIBIO";"2010";"1";"fylke/region";"B2";"pr";"p";"mod"
"e: forest";"nb.03";"Lauvtreinnblanding i barskog";"NIBIO";"1990";"1";"fylke/region";"B2";"fs";"p";"mod"
"e: forest";"nb.04";"Eldre lauvsuksesjon (MiS)";"NIBIO";"2010";"1";"fylke/region";"B3";"fs";"p";"mod"
"e: forest";"nb.05";"Volum av edellauvtrær";"NIBIO";"1990";"1";"fylke/region";"B2";"fs";"p";"mod"
"e: forest";"nb.06";"Tetthet av store trær";"NIBIO";"1990";"1";"fylke/region";"B3";"fs";"p";"mod"
"e: forest";"nb.07";"Tresjikt";"NIBIO";"1990";"1";"fylke/region";"B2";"fs";"p";"mod"
"e: forest";"nb.08";"Kronedekke";"NIBIO";"1990";"1";"fylke/region";"B2";"fs";"u";"mod"
"e: forest";"nb.09";"Kronetetthet for blåbær";"NIBIO";"1990";"1";"fylke/region";"B1a";"fs";"p";"mod"
"e: forest";"nb.10";"Fremmede treslag";"NIBIO";"2000";"1";"fylke/region";"B1a";"fs";"n";"zer"
"e: forest";"nb.11";"Arealandel årlig brent skog";"DSB";;"1";"kommune";"B3";"fs";"u";"mod"
"e: forest";"nb.12";"Organisk jordkarbon";"NIBIO";"2024";"1";"fylke/region";"A2";"af";"p";"mod"
"e: forest";"nb.13";"C/N-forholdet i jord";"NIBIO";"2024";"1";"fylke/region";"A2";"af";"u";"mod"
"e: forest";"nb.14";"Konnektivitet av skog";"NIBIO";"2000";"1";"kommune";"C1";"lm";"p";"mod"
"e: forest";"nb.15";"Konnektivitet av gammel skog";"NIBIO";"2020";"5";"kommune";"C1";"lm";"p";"mod"
"e: forest";"nb.16";"Funksjonelle plantegrupper";"Mdir/NINA";"2019";"5";"fylke/region";"B3";"fg";"u";"mod"
"e: forest";"nb.17";"Barskogsfugler";"Mdir/NINA";"2010";"1";"fylke/region";"B1a";"bm";"p";"exp"
"e: forest";"nb.18";"Lauvskogsfugler";"Mdir/NINA";"2010";"1";"fylke/region";"B1a";"bm";"p";"exp"
"f: shrub";"sk.04, fj.09, vs.29";"Fravær av fremmede plantearter";"MDir";"2019";"1";"fylke/region";"B1a";"fs";"p";"zer"
"f: shrub";"fj.08";"Kongeørn";"MDir & NINA";"2010";"5";"ingen (nasj)";"B1a";"fb, fg";"p";"??"
"f: shrub";"fj.07";"Jerv";"MDir & NINA";"1990";"5";"fylke/region";"B1a";"fb, fg";"p";"mod"
"f: shrub";"fj.06";"Fjellrev";"MDir & NINA";"2010";"1";"kommune";"B1a";"fb, fg";"p";"sta (+mod)"
"f: shrub";"fj.04";"Lirype";"NINA";"2015";"1";"fylke/region";"B1a";"fb, fg";"p";"exp"
"f: shrub";"fj.05";"Fjellrype";"MDir";"2010";"1";"fylke/region";"B1a";"fb, fg";"p";"exp"
"f: shrub";"vs.18";"Farmland bird communities";"NINA (Chloe Nater), BirdLife Norge, Mdir, NIBIO";"2010";"1";"fylke/region";"B1a";"bm";"p";"sta"
"f: shrub";"vs.17, vs.38";"Butterfly abundance and diversity";"NINA (Jens Åström)";"2009";"1";"fylke/region";"B1b";"bm";"p";"exp"
"f: shrub";"vs.47";"Species richness of flying insects";"NINA (Jens Åström)";"2020";"5";"fylke/region";"B1b";"bm";"p";"??"
"f: shrub";"fj.12, sk.12, vs.06";"Naturindeks (modifisert)";"MDir & NINA";"1990";"5";"fylke/region";"xx";"bm";"p";"na"
"f: shrub";"sk.03, vs.30";"Ellenberg F";"MDir";"2019";"1";"fylke/region";"A1";"af";"u";"mod"
"f: shrub";"fj.14, vs.04";"Ellenberg L";"MDir";"2019";"1";"fylke/region";"B3";"af";"u";"mod"
"f: shrub";"vs.41";"Ellenberg R";"NINA (Joachim Töpper)";"2019";"1";"fylke/region";"A2";"fg, bm";"u";"mod"
"f: shrub";"fj.15";"Vegetasjonens varmekrav";"MDir";"2019";"1";"fylke/region";"A1";"af";"n";"mod"
"f: shrub";"sk.02, fj.13, vs.03";"Ellenberg N";"MDir";"2019";"1";"fylke/region";"A2";"pr, af";"u";"mod"
"f: shrub";"vs.41b";"Planteindikator på fosfor";"NINA (Joachim Töpper)";"2019";"1";"fylke/region";"A2";"fg, bm";"u";"mod"
"f: shrub";"vs.41c";"Planteindikator på beite/slått";"NINA (Joachim Töpper)";"2019";"1";"fylke/region";"B3";"fg, bm";"u";"mod"
"f: shrub";"vs.41d";"Planteindikator på jordforstyrrelse";"NINA (Joachim Töpper)";"2019";"1";"fylke/region";"B3";"fg, bm";"u";"mod"
"f: shrub";"vs.48";"Total insektsbiomasse";"NINA (Jens Åström)";"2020";"5";"fylke/region";"B1a";"fs";"p";"??"
"f: shrub";"fj.03";"Smågnagere";"MDir";"1990";"1";"fylke/region";"B1a";"fb, fg, fs";"p";"mod"
"f: shrub";"fj.02";"Rein";"MDir & NINA";"2017";"1";"ingen (nasj)";"B1a";"fb, fg, fs";"u";"mod"
"f: shrub";"sk.10";"Store hjortedyr";"MDir & NINA";"1990";"1";"kommune";"B1a";"fb";"u";"mod"
"f: shrub";"vs.16, vs.37";"Bumblebee abundance and species richness";"NINA (Jens Åström)";"2009";"1";"fylke/region";"B1b";"bm";"p";"exp"
"f: shrub";"vs.45, vs.72";"Antall arter av pollinerende insekter";"NINA (Jens Åström), NIBIO (3Q)";"2020";"5";"fylke/region";"B3";"fs";"p";"??"
"f: shrub";"vs.50";"Antall arter møkkbiller";"NINA (Jens Åström)";"2020";"5";"fylke/region";"B1b";"fs";"p";"??"
"f: shrub";"vs.05, vs.28";"Gjengroing";"NINA (Zander Venter)";"2010";"Inf";"~10 m";"B2";"fs";"n";"mdc"
"f: shrub";"sk.01";"Normalisert årlig maksimal NDVI";"NASA*";"2000";"1";"~100 m";"B2";"pr";"u";"mdc"
"f: shrub";"fj.01";"NDVI flerårig trend";"NASA*";"2000";"1";"~100 m";"B2";"pr, fd";"u";"zer"
"f: shrub";"vs.64";"Slitasje";"NINA (Anders Kolstad)";"2019";"5";"fylke/region";"B3";"pr";"n";"zer"
"f: shrub";"vs.11, vs.71";"Biomasse klovdyr";"NTNU (James Speed)";"1999";"10";"kommune";"B3";"fb";"u";"mod"
"f: shrub";"vs.74";"Biomasse rovdyr";"NTNU (James Speed)";"1907";"10";"kommune";"B3";"fb";"u";"mod"
"f: shrub";"fj.11, vs.02";"Konnektivitet";"Statens kartverk*/NIBIO";"2021";"Inf";"kommune";"C1";"lm";"p";"mod"
"f: shrub";"sk.13, fj.10, vs.02";"Areal uten tekniske inngrep";"MDir*/NIBIO";"1988";"5";"kommune";"C1";"lm";"p";"zer"
"f: shrub";"nb.16";"Funksjonelle plantegrupper";"Mdir/NINA";"2019";"5";"fylke/region";"B3";"fg";"u";"mod"
"g: SVL";"fj.16";"Areal av isbreer";"NVE (Liss Marie Andreassen)";"1966";"Inf";"ingen (nasj)";"A1";"af";"p";"sta"
"g: SVL";"sk.04, fj.09, vs.29";"Fravær av fremmede plantearter";"MDir";"2019";"1";"fylke/region";"B1a";"fs";"p";"zer"
"g: SVL";"fj.08";"Kongeørn";"MDir & NINA";"2010";"5";"ingen (nasj)";"B1a";"fb, fg";"p";"??"
"g: SVL";"fj.07";"Jerv";"MDir & NINA";"1990";"5";"fylke/region";"B1a";"fb, fg";"p";"mod"
"g: SVL";"fj.06";"Fjellrev";"MDir & NINA";"2010";"1";"kommune";"B1a";"fb, fg";"p";"sta (+mod)"
"g: SVL";"fj.05";"Fjellrype";"MDir";"2010";"1";"fylke/region";"B1a";"fb, fg";"p";"exp"
"g: SVL";"fj.12, sk.12, vs.06";"Naturindeks (modifisert)";"MDir & NINA";"1990";"5";"fylke/region";"xx";"bm";"p";"na"
"g: SVL";"sk.03, vs.30";"Ellenberg F";"MDir";"2019";"1";"fylke/region";"A1";"af";"u";"mod"
"g: SVL";"fj.14, vs.04";"Ellenberg L";"MDir";"2019";"1";"fylke/region";"B3";"af";"u";"mod"
"g: SVL";"vs.41";"Ellenberg R";"NINA (Joachim Töpper)";"2019";"1";"fylke/region";"A2";"fg, bm";"u";"mod"
"g: SVL";"fj.15";"Vegetasjonens varmekrav";"MDir";"2019";"1";"fylke/region";"A1";"af";"n";"mod"
"g: SVL";"sk.02, fj.13, vs.03";"Ellenberg N";"MDir";"2019";"1";"fylke/region";"A2";"pr, af";"u";"mod"
"g: SVL";"vs.41b";"Planteindikator på fosfor";"NINA (Joachim Töpper)";"2019";"1";"fylke/region";"A2";"fg, bm";"u";"mod"
"g: SVL";"vs.41c";"Planteindikator på beite/slått";"NINA (Joachim Töpper)";"2019";"1";"fylke/region";"B3";"fg, bm";"u";"mod"
"g: SVL";"vs.41d";"Planteindikator på jordforstyrrelse";"NINA (Joachim Töpper)";"2019";"1";"fylke/region";"B3";"fg, bm";"u";"mod"
"g: SVL";"fj.03";"Smågnagere";"MDir";"1990";"1";"fylke/region";"B1a";"fb, fg, fs";"p";"mod"
"g: SVL";"fj.02";"Rein";"MDir & NINA";"2017";"1";"ingen (nasj)";"B1a";"fb, fg, fs";"u";"mod"
"g: SVL";"vs.16, vs.37";"Bumblebee abundance and species richness";"NINA (Jens Åström)";"2009";"1";"fylke/region";"B1b";"bm";"p";"exp"
"g: SVL";"sk.01";"Normalisert årlig maksimal NDVI";"NASA*";"2000";"1";"~100 m";"B2";"pr";"u";"mdc"
"g: SVL";"fj.01";"NDVI flerårig trend";"NASA*";"2000";"1";"~100 m";"B2";"pr, fd";"u";"zer"
"g: SVL";"vs.64";"Slitasje";"NINA (Anders Kolstad)";"2019";"5";"fylke/region";"B3";"pr";"n";"zer"
"g: SVL";"vs.11, vs.71";"Biomasse klovdyr";"NTNU (James Speed)";"1999";"10";"kommune";"B3";"fb";"u";"mod"
"g: SVL";"vs.74";"Biomasse rovdyr";"NTNU (James Speed)";"1907";"10";"kommune";"B3";"fb";"u";"mod"
"g: SVL";"fj.11, vs.02";"Konnektivitet";"Statens kartverk*/NIBIO";"2021";"Inf";"kommune";"C1";"lm";"p";"mod"
"g: SVL";"sk.13, fj.10, vs.02";"Areal uten tekniske inngrep";"MDir*/NIBIO";"1988";"5";"kommune";"C1";"lm";"p";"zer"
"g: SVL";"nb.16";"Funksjonelle plantegrupper";"Mdir/NINA";"2019";"5";"fylke/region";"B3";"fg";"u";"mod"
"h: wet";"sk.04, fj.09, vs.29";"Fravær av fremmede plantearter";"MDir";"2019";"1";"fylke/region";"B1a";"fs";"p";"zer"
"h: wet";"fj.04";"Lirype";"NINA";"2015";"1";"fylke/region";"B1a";"fb, fg";"p";"exp"
"h: wet";"vs.13";"Wetland bird communities";"NINA (Chloé?), BirdLife Norge, MDir";"2010";"1";"fylke/region";"B1a";"bm";"p";"sta"
"h: wet";"fj.12, sk.12, vs.06";"Naturindeks (modifisert)";"MDir & NINA";"1990";"5";"fylke/region";"xx";"bm";"p";"na"
"h: wet";"sk.03, vs.30";"Ellenberg F";"MDir";"2019";"1";"fylke/region";"A1";"af";"u";"mod"
"h: wet";"fj.14, vs.04";"Ellenberg L";"MDir";"2019";"1";"fylke/region";"B3";"af";"u";"mod"
"h: wet";"vs.41";"Ellenberg R";"NINA (Joachim Töpper)";"2019";"1";"fylke/region";"A2";"fg, bm";"u";"mod"
"h: wet";"fj.15";"Vegetasjonens varmekrav";"MDir";"2019";"1";"fylke/region";"A1";"af";"n";"mod"
"h: wet";"sk.02, fj.13, vs.03";"Ellenberg N";"MDir";"2019";"1";"fylke/region";"A2";"pr, af";"u";"mod"
"h: wet";"fj.02";"Rein";"MDir & NINA";"2017";"1";"ingen (nasj)";"B1a";"fb, fg, fs";"u";"mod"
"h: wet";"vs.05, vs.28";"Gjengroing";"NINA (Zander Venter)";"2010";"Inf";"~10 m";"B2";"fs";"n";"mdc"
"h: wet";"sk.01";"Normalisert årlig maksimal NDVI";"NASA*";"2000";"1";"~100 m";"B2";"pr";"u";"mdc"
"h: wet";"fj.01";"NDVI flerårig trend";"NASA*";"2000";"1";"~100 m";"B2";"pr, fd";"u";"zer"
"h: wet";"vs.64";"Slitasje";"NINA (Anders Kolstad)";"2019";"5";"fylke/region";"B3";"pr";"n";"zer"
"h: wet";"fj.11, vs.02";"Konnektivitet";"Statens kartverk*/NIBIO";"2021";"Inf";"kommune";"C1";"lm";"p";"mod"
"h: wet";"sk.13, fj.10, vs.02";"Areal uten tekniske inngrep";"MDir*/NIBIO";"1988";"5";"kommune";"C1";"lm";"p";"zer"
"h: wet";"nb.16";"Funksjonelle plantegrupper";"Mdir/NINA";"2019";"5";"fylke/region";"B3";"fg";"u";"mod"
"j: river";"fj.12, sk.12, vs.06";"Naturindeks (modifisert)";"MDir & NINA";"1990";"5";"fylke/region";"xx";"bm";"p";"na"
"j: river";"QMIN";"Minimum 7-døgns middelvannføring, sommer og vinter";"Various institutes/consultancies + Vannmiljø";;"1";"annet";"A1";"af";"p";"exp"
"j: river";"P-TOT";"Totalt fosfor (Tot-P)";"Various institutes/consultancies + Vannmiljø";;"1";"annet";"A2";"af";"n";"mdc"
"j: river";"N-TOT";"Totalt nitrogen (Tot-N)";"Various institutes/consultancies + Vannmiljø";;"1";"annet";"A2";"af";"n";"mdc"
"j: river";"N-NH3";"Ammoniakk og ammonium";"Various institutes/consultancies + Vannmiljø";;"1";"annet";"A2";"af";"n";"exp?, mdc?"
"j: river";"O2";"Oksygen (O2)";"Various institutes/consultancies + Vannmiljø";;"1";"annet";"A2";"af";"p";"exp"
"j: river";"PH";"pH - innsjøer og elver";"Various institutes/consultancies + Vannmiljø";;"1";"annet";"A2";"af";"p";"mdc"
"j: river";"LAL";"Potensielt gift aluminium (LAl, UM-Al) - innsjøer og elver";"Various institutes/consultancies + Vannmiljø";;"1";"annet";"A2";"af";"n";"mdc"
"j: river";"ANC";"Vannets syrenøytraliserende kapasitet (ANC) - innsjøer og elver";"Various institutes/consultancies + Vannmiljø";;"1";"annet";"A2";"af";"p";"mdc"
"j: river";"AIP";"AIP: Forsuringsindeks for begroingsalger i elv";"NIVA (Suzanne Schneider) + Vannmiljø";;"1";"annet";"A2";"bm";"n";"mdc"
"j: river";"PIT";"PIT: Eutrofieringsindeks for begroingsalger i elv";"NIVA (Suzanne Schneider) + Vannmiljø";;"1";"annet";"A2";"bm";"n";"mdc"
"j: river";"ASPT";"ASPT: Average Score Per Taxon - litorale bunndyr i elver";"Various institutes/consultancies + Vannmiljø";;"1";"annet";"A2";"bm";"p";"mdc"
"j: river";"RAMI";"RAMI: Forsuringsindeks for litorale bunndyr i elver";"Various institutes/consultancies + Vannmiljø";;"1";"annet";"A2";"bm";"p";"mdc"
"j: river";"Raddum-2";"Raddum forsuringsindeks-2 - litorale bunndyr i elver";"Various institutes/consultancies + Vannmiljø";;"1";"annet";"A2";"bm";"p";"mdc"
"j: river";"EMANTLLE";"Elvemusling (Margaritifera margaritifera) - terskelindikator i elv";"NINA  + Vannmiljø";;"1";"annet";"B1a";"bm";"??";"exp"
"j: river";"HBI2";"HBI2: Heterotrof begroingsindeks for elv";"NIVA  + Vannmiljø";;"1";"annet";"A2";"bm";"n";"mdc"
"j: river";"NEFI";"NEFI: Norsk endringsindeks for fisk - elver og innsjøer";"NINA  + Vannmiljø";;"1";"annet";"B1b";"bm";"p";"mdc"
"j: river";"FIBESTE";"Bestandsendring fisk";"NINA  + Vannmiljø";;"1";"annet";"B1b";"bm";"n";"mdc"
"j: river";"Cpue_juveniles";"Tetthet av ungfisk i elver basert på laks og ørret";"NINA  + Vannmiljø";;"1";"annet";"B1a";"bm";"p";"oth"
"j: river";"fragmenteringsgrad";"Fragmenteringsgrad (FG)";"Various institutes/consultancies + Vannmiljø";;"1";"annet";"C1";"lm";"n";"exp"
"j: river";"barriereeffekt";"Barriereeffekt (BE)";"Various institutes/consultancies + Vannmiljø";;"1";"annet";"C1";"lm";"n";"exp"
"j: river";"overall chemical status";"Kjemisk tilstand (god eller dårlig)";"Vann-nett";;"1";"annet";"A2";"";"n?";"zer"
"j: river";"overall ecol status";"Økologisk tilstand (nEQR)";"Vann-nett";;"1";"annet";"xx";"";"p";"?"
"k: lake";"fj.12, sk.12, vs.06";"Naturindeks (modifisert)";"MDir & NINA";"1990";"5";"fylke/region";"xx";"bm";"p";"na"
"k: lake";"VANNSTVAR";"Reguleringshøyde";"Various institutes/consultancies + Vannmiljø";;"1";"annet";"A1";"af";"n";"exp"
"k: lake";"HR2XSD";"Forholdet mellom reguleringshøyde og siktedyp";"Various institutes/consultancies + Vannmiljø";;"1";"annet";"A1";"af";"n";"exp"
"k: lake";"SECCI";"Siktedyp";"Various institutes/consultancies + Vannmiljø";;"1";"annet";"A1";"af";"p";"mdc"
"k: lake";"P-TOT";"Totalt fosfor (Tot-P)";"Various institutes/consultancies + Vannmiljø";;"1";"annet";"A2";"af";"n";"mdc"
"k: lake";"N-TOT";"Totalt nitrogen (Tot-N)";"Various institutes/consultancies + Vannmiljø";;"1";"annet";"A2";"af";"n";"mdc"
"k: lake";"N-NH3";"Ammoniakk og ammonium";"Various institutes/consultancies + Vannmiljø";;"1";"annet";"A2";"af";"n";"exp?, mdc?"
"k: lake";"O2";"Oksygen (O2)";"Various institutes/consultancies + Vannmiljø";;"1";"annet";"A2";"af";"p";"exp"
"k: lake";"PH";"pH - innsjøer og elver";"Various institutes/consultancies + Vannmiljø";;"1";"annet";"A2";"af";"p";"mdc"
"k: lake";"LAL";"Potensielt gift aluminium (LAl, UM-Al) - innsjøer og elver";"Various institutes/consultancies + Vannmiljø";;"1";"annet";"A2";"af";"n";"mdc"
"k: lake";"ANC";"Vannets syrenøytraliserende kapasitet (ANC) - innsjøer og elver";"Various institutes/consultancies + Vannmiljø";;"1";"annet";"A2";"af";"p";"mdc"
"k: lake";"TIc";"TIc: Vannplanteindeks for eutrofiering i innsjøer";"NIVA (Marit Mjelde) + Vannmiljø";;"1";"annet";"A2";"bm";"p";"mdc"
"k: lake";"SIc";"SIc: Vannplanteindeks for forsuring i innsjøer";"NIVA (Marit Mjelde) + Vannmiljø";;"1";"annet";"A2";"bm";"p";"mdc"
"k: lake";"WIc";"WIc: Vannplanteindeks for vannstandsvariasjoner i reguleringsmagasin";"NIVA (Marit Mjelde) + Vannmiljø";;"1";"annet";"A1";"bm";"p";"mdc"
"k: lake";"LAMI";"LAMI: Forsuringsindeks for litorale bunndyr i innsjøer";"Various institutes/consultancies + Vannmiljø";;"1";"annet";"A2";"bm";"p";"mdc"
"k: lake";"Raddum-1";"Raddum forsuringsindeks-1 - litorale bunndyr i elver og innsjøer";"Various institutes/consultancies + Vannmiljø";;"1";"annet";"A2";"bm";"p";"oth"
"k: lake";"MultiClear";"MultiClear: Multimetrisk bunndyrindeks for forsuring av klare innsjøer";"Various institutes/consultancies + Vannmiljø";;"1";"annet";"A2";"bm";"p";"mdc"
"k: lake";"PTI";"PTI: Planteplankton Trofisk indeks";"NIVA (Birger Skjelbred) + Vannmiljø";;"1";"annet";"A2";"bm";"n";"mdc"
"k: lake";"LACI-1";"LACI-1: Forsuringindeks for småkreps i svært kalkfattige innsjøer";"NINA (Ann Kristin Schartau) + Vannmiljø";;"1";"annet";"A2";"bm";"p";"mdc"
"k: lake";"LACI-2";"LACI-2: Forsuringindeks for småkreps i kalkfattige innsjøer";"NINA (Ann Kristin Schartau) + Vannmiljø";;"1";"annet";"A2";"bm";"p";"mdc"
"k: lake";"NEFI";"NEFI: Norsk endringsindeks for fisk - elver og innsjøer";"NINA  + Vannmiljø";;"1";"annet";"B1b";"bm";"p";"mdc"
"k: lake";"FIBESTE";"Bestandsendring fisk";"NINA  + Vannmiljø";;"1";"annet";"B1b";"bm";"n";"mdc"
"k: lake";"EIndexW3";"EIndexW3: Eutrofieringsindeks for fisk i innsjøer";"NINA  + Vannmiljø";;"1";"annet";"A2";"bm";"p";"oth"
"k: lake";"AIndexW5";"AIndexW5: Forsuringsindeks for fisk i innsjøer";"NINA  + Vannmiljø";;"1";"annet";"A2";"bm";"p";"oth"
"k: lake";"WS-FBI";"WS-FBI: Pelagisk fiskeindeks for innsjøer";"NINA  + Vannmiljø";;"1";"annet";"B1a";"bm";"p";"mdc"
"k: lake";"Cpue_BrownTrout";"Cpue_aure: Bestandsstørrelse av brunørret relatert til innsjøers oppvekstratio (OR)";"NINA  + Vannmiljø";;"1";"annet";"B1a";"bm";"p";"mdc"
"k: lake";"KLFA";"Klorofyll planteplankton";"NIVA (Birger Skjelbred) + Vannmiljø";;"1";"annet";"B2";"pr";"n";"mdc"
"k: lake";"PPBIOMTOVO";"Total biomasse planteplankton per volumenhet";"NIVA (Birger Skjelbred) + Vannmiljø";;"1";"annet";"B2";"pr";"n";"mdc"
"k: lake";"Cyanomax";"Cyanomax: Maksimalt volum av cyanobakterier i innsjøer";"NIVA (Birger Skjelbred) + Vannmiljø";;"1";"annet";"B3";"fs?";"n";"mdc"
"k: lake";"overall chemical status";"Kjemisk tilstand (god eller dårlig)";"Vann-nett";;"1";"annet";"A2";"";"n?";"zer"
"k: lake";"overall ecol status";"Økologisk tilstand (nEQR)";"Vann-nett";;"1";"annet";"xx";"";"p";"?"
"i: coas.t";"sk.04, fj.09, vs.29";"Fravær av fremmede plantearter";"MDir";"2019";"1";"fylke/region";"B1a";"fs";"p";"zer"
"i: coas.t";"fj.08";"Kongeørn";"MDir & NINA";"2010";"5";"ingen (nasj)";"B1a";"fb, fg";"p";"??"
"i: coas.t";"fj.07";"Jerv";"MDir & NINA";"1990";"5";"fylke/region";"B1a";"fb, fg";"p";"mod"
"i: coas.t";"fj.06";"Fjellrev";"MDir & NINA";"2010";"1";"kommune";"B1a";"fb, fg";"p";"sta (+mod)"
"i: coas.t";"fj.05";"Fjellrype";"MDir";"2010";"1";"fylke/region";"B1a";"fb, fg";"p";"exp"
"i: coas.t";"vs.13";"Wetland bird communities";"NINA (Chloé?), BirdLife Norge, MDir";"2010";"1";"fylke/region";"B1a";"bm";"p";"sta"
"i: coas.t";"fj.12, sk.12, vs.06";"Naturindeks (modifisert)";"MDir & NINA";"1990";"5";"fylke/region";"xx";"bm";"p";"na"
"i: coas.t";"sk.03, vs.30";"Ellenberg F";"MDir";"2019";"1";"fylke/region";"A1";"af";"u";"mod"
"i: coas.t";"fj.14, vs.04";"Ellenberg L";"MDir";"2019";"1";"fylke/region";"B3";"af";"u";"mod"
"i: coas.t";"vs.41";"Ellenberg R";"NINA (Joachim Töpper)";"2019";"1";"fylke/region";"A2";"fg, bm";"u";"mod"
"i: coas.t";"fj.15";"Vegetasjonens varmekrav";"MDir";"2019";"1";"fylke/region";"A1";"af";"n";"mod"
"i: coas.t";"sk.02, fj.13, vs.03";"Ellenberg N";"MDir";"2019";"1";"fylke/region";"A2";"pr, af";"u";"mod"
"i: coas.t";"vs.41b";"Planteindikator på fosfor";"NINA (Joachim Töpper)";"2019";"1";"fylke/region";"A2";"fg, bm";"u";"mod"
"i: coas.t";"vs.41c";"Planteindikator på beite/slått";"NINA (Joachim Töpper)";"2019";"1";"fylke/region";"B3";"fg, bm";"u";"mod"
"i: coas.t";"vs.41d";"Planteindikator på jordforstyrrelse";"NINA (Joachim Töpper)";"2019";"1";"fylke/region";"B3";"fg, bm";"u";"mod"
"i: coas.t";"fj.03";"Smågnagere";"MDir";"1990";"1";"fylke/region";"B1a";"fb, fg, fs";"p";"mod"
"i: coas.t";"fj.02";"Rein";"MDir & NINA";"2017";"1";"ingen (nasj)";"B1a";"fb, fg, fs";"u";"mod"
"i: coas.t";"vs.16, vs.37";"Bumblebee abundance and species richness";"NINA (Jens Åström)";"2009";"1";"fylke/region";"B1b";"bm";"p";"exp"
"i: coas.t";"sk.01";"Normalisert årlig maksimal NDVI";"NASA*";"2000";"1";"~100 m";"B2";"pr";"u";"mdc"
"i: coas.t";"fj.01";"NDVI flerårig trend";"NASA*";"2000";"1";"~100 m";"B2";"pr, fd";"u";"zer"
"i: coas.t";"vs.64";"Slitasje";"NINA (Anders Kolstad)";"2019";"5";"fylke/region";"B3";"pr";"n";"zer"
"i: coas.t";"vs.11, vs.71";"Biomasse klovdyr";"NTNU (James Speed)";"1999";"10";"kommune";"B3";"fb";"u";"mod"
"i: coas.t";"vs.74";"Biomasse rovdyr";"NTNU (James Speed)";"1907";"10";"kommune";"B3";"fb";"u";"mod"
"i: coas.t";"fj.11, vs.02";"Konnektivitet";"Statens kartverk*/NIBIO";"2021";"Inf";"kommune";"C1";"lm";"p";"mod"
"i: coas.t";"sk.13, fj.10, vs.02";"Areal uten tekniske inngrep";"MDir*/NIBIO";"1988";"5";"kommune";"C1";"lm";"p";"zer"
"i: coas.t";"nb.16";"Funksjonelle plantegrupper";"Mdir/NINA";"2019";"5";"fylke/region";"B3";"fg";"u";"mod"
"i: coas.t";"ur.01";"";"Copernicus*";"2006";"3";"~10 m";"A1";"af, lm";"n";"pol?"
"i: coas.t";"ur.02";"";"Copernicus*";"2018";"3";"~10 m";"B2";"fs, lm";"p";"pol?"
"i: coas.t";"ur.03";"";"Copernicus*";"2012";"3";"~10 m";"B2";"fs";"p";"pol?"
"i: coas.t";"ur.04";"";"Copernicus*";"2018";"1";"kommune";"A2";"af";"n";"pol?"
"l: coas.w";"vs.13";"Wetland bird communities";"NINA (Chloé?), BirdLife Norge, MDir";"2010";"1";"fylke/region";"B1a";"bm";"p";"sta"
"l: coas.w";"fj.12, sk.12, vs.06";"Naturindeks (modifisert)";"MDir & NINA";"1990";"5";"fylke/region";"xx";"bm";"p";"na"
"l: coas.w";"sk.03, vs.30";"Ellenberg F";"MDir";"2019";"1";"fylke/region";"A1";"af";"u";"mod"
"l: coas.w";"fj.14, vs.04";"Ellenberg L";"MDir";"2019";"1";"fylke/region";"B3";"af";"u";"mod"
"l: coas.w";"fj.15";"Vegetasjonens varmekrav";"MDir";"2019";"1";"fylke/region";"A1";"af";"n";"mod"
"l: coas.w";"sk.02, fj.13, vs.03";"Ellenberg N";"MDir";"2019";"1";"fylke/region";"A2";"pr, af";"u";"mod"
"l: coas.w";"fj.11, vs.02";"Konnektivitet";"Statens kartverk*/NIBIO";"2021";"Inf";"kommune";"C1";"lm";"p";"mod"
"l: coas.w";"sk.13, fj.10, vs.02";"Areal uten tekniske inngrep";"MDir*/NIBIO";"1988";"5";"kommune";"C1";"lm";"p";"zer"
"l: coas.w";"nb.16";"Funksjonelle plantegrupper";"Mdir/NINA";"2019";"5";"fylke/region";"B3";"fg";"u";"mod"
"l: coas.w";"SECCI";"Siktedyp";"Various institutes/consultancies + Vannmiljø";;"1";"annet";"A1";"af";"p";"mdc"
"l: coas.w";"P-TOT";"Totalt fosfor (Tot-P)";"Various institutes/consultancies + Vannmiljø";;"1";"annet";"A2";"af";"n";"mdc"
"l: coas.w";"P-PO4";"Fosfat (PO4) - kystvann";"Various institutes/consultancies + Vannmiljø";;"1";"annet";"A2";"af";"n";"mdc"
"l: coas.w";"N-TOT";"Totalt nitrogen (Tot-N)";"Various institutes/consultancies + Vannmiljø";;"1";"annet";"A2";"af";"n";"mdc"
"l: coas.w";"N-NH3";"Ammoniakk og ammonium";"Various institutes/consultancies + Vannmiljø";;"1";"annet";"A2";"af";"n";"exp?, mdc?"
"l: coas.w";"N-SNOX";"Nitrat(NO3)+nitritt (NO2) - kystvann";"Various institutes/consultancies + Vannmiljø";;"1";"annet";"A2";"af";"n";"mdc"
"l: coas.w";"O2";"Oksygen (O2)";"Various institutes/consultancies + Vannmiljø";;"1";"annet";"A2";"af";"p";"exp"
"l: coas.w";"RSL";"RSLA/RSL: Fjæresoneindeks for fastsittende alger (makroalger) i kystvann";"NIVA + Vannmiljø";;"1";"annet";"A2";"bm";"p";"mdc"
"l: coas.w";"Alegress";"Ålegress - eutrofiering/organisk beslastning i kystvann";"NIVA + Vannmiljø";;"1";"annet";"A2";"fs?";"p";"mdc"
"l: coas.w";"Blotbunnsfauna";"Bløtbunnsfauna - eutrofiering/organisk beslastning/sedimentering i kystvann";"NIVA + Vannmiljø";;"1";"annet";"A2";"bm";"p";"mdc"
"l: coas.w";"KLFA";"Klorofyll planteplankton";"NIVA (Birger Skjelbred) + Vannmiljø";;"1";"annet";"B2";"pr";"n";"mdc"
"l: coas.w";"MSMDI";"MSMDI: Nedre voksegrenseindeks for fastsittende alger (makroalger) i kystvann";"NIVA + Vannmiljø";;"1";"annet";"B2";"??";"p";"mdc"
"l: coas.w";"overall chemical status";"Kjemisk tilstand (god eller dårlig)";"Vann-nett";;"1";"annet";"A2";"";"n?";"zer"
"l: coas.w";"overall ecol status";"Økologisk tilstand (nEQR)";"Vann-nett";;"1";"annet";"xx";"";"p";"?"
"m: marine";"fj.12, sk.12, vs.06";"Naturindeks (modifisert)";"MDir & NINA";"1990";"5";"fylke/region";"xx";"bm";"p";"na"
"m: marine";"SECCI";"Siktedyp";"Various institutes/consultancies + Vannmiljø";;"1";"annet";"A1";"af";"p";"mdc"
"m: marine";"P-TOT";"Totalt fosfor (Tot-P)";"Various institutes/consultancies + Vannmiljø";;"1";"annet";"A2";"af";"n";"mdc"
"m: marine";"P-PO4";"Fosfat (PO4) - kystvann";"Various institutes/consultancies + Vannmiljø";;"1";"annet";"A2";"af";"n";"mdc"
"m: marine";"N-TOT";"Totalt nitrogen (Tot-N)";"Various institutes/consultancies + Vannmiljø";;"1";"annet";"A2";"af";"n";"mdc"
"m: marine";"N-NH3";"Ammoniakk og ammonium";"Various institutes/consultancies + Vannmiljø";;"1";"annet";"A2";"af";"n";"exp?, mdc?"
"m: marine";"N-SNOX";"Nitrat(NO3)+nitritt (NO2) - kystvann";"Various institutes/consultancies + Vannmiljø";;"1";"annet";"A2";"af";"n";"mdc"
"m: marine";"O2";"Oksygen (O2)";"Various institutes/consultancies + Vannmiljø";;"1";"annet";"A2";"af";"p";"exp"
"m: marine";"RSL";"RSLA/RSL: Fjæresoneindeks for fastsittende alger (makroalger) i kystvann";"NIVA + Vannmiljø";;"1";"annet";"A2";"bm";"p";"mdc"
"m: marine";"Alegress";"Ålegress - eutrofiering/organisk beslastning i kystvann";"NIVA + Vannmiljø";;"1";"annet";"A2";"fs?";"p";"mdc"
"m: marine";"Blotbunnsfauna";"Bløtbunnsfauna - eutrofiering/organisk beslastning/sedimentering i kystvann";"NIVA + Vannmiljø";;"1";"annet";"A2";"bm";"p";"mdc"
"m: marine";"KLFA";"Klorofyll planteplankton";"NIVA (Birger Skjelbred) + Vannmiljø";;"1";"annet";"B2";"pr";"n";"mdc"
"m: marine";"MSMDI";"MSMDI: Nedre voksegrenseindeks for fastsittende alger (makroalger) i kystvann";"NIVA + Vannmiljø";;"1";"annet";"B2";"??";"p";"mdc"
"m: marine";"overall chemical status";"Kjemisk tilstand (god eller dårlig)";"Vann-nett";;"1";"annet";"A2";"";"n?";"zer"
"m: marine";"overall ecol status";"Økologisk tilstand (nEQR)";"Vann-nett";;"1";"annet";"xx";"";"p";"?"
